
Running 290 tests using 1 worker

(node:4158) Warning: The 'NO_COLOR' env is ignored due to the 'FORCE_COLOR' env being set.
(Use `node --trace-warnings ...` to show where the warning was created)


[1/290] tests/answer-sets.spec.ts:42:2 › connected lifecycle, local separation, audit and focus 1440
[2/290] tests/answer-sets.spec.ts:58:2 › choice attach detach save-as update and blocked condition 1440
[3/290] tests/answer-sets.spec.ts:77:2 › ordered score snapshot and option order 1440
[4/290] tests/answer-sets.spec.ts:42:2 › connected lifecycle, local separation, audit and focus 1920
[5/290] tests/answer-sets.spec.ts:58:2 › choice attach detach save-as update and blocked condition 1920
[6/290] tests/answer-sets.spec.ts:77:2 › ordered score snapshot and option order 1920
[7/290] tests/answer-sets.spec.ts:42:2 › connected lifecycle, local separation, audit and focus 390
[8/290] tests/answer-sets.spec.ts:58:2 › choice attach detach save-as update and blocked condition 390
[9/290] tests/answer-sets.spec.ts:77:2 › ordered score snapshot and option order 390
[10/290] tests/answer-sets.spec.ts:82:67 › Answer Sets role ADMIN
[11/290] tests/answer-sets.spec.ts:82:67 › Answer Sets role AUTHOR
[12/290] tests/answer-sets.spec.ts:82:67 › Answer Sets role REVIEWER
[13/290] tests/answer-sets.spec.ts:82:67 › Answer Sets role VIEWER
[14/290] tests/answer-sets.spec.ts:83:1 › dirty guards keep Answer Set edits across refresh, cancelled switch/close/navigation and unload
[15/290] tests/answer-sets.spec.ts:84:1 › disconnected starters/custom snapshot and reconnect never upload browser state
[16/290] tests/answer-sets.spec.ts:90:1 › Answer Set import creates a new draft with exact options and safe history
[17/290] tests/answer-sets.spec.ts:91:1 › connected failed library reads never substitute local starters in the picker
[18/290] tests/answer-sets.spec.ts:92:1 › stale incompatible family update is blocked without changing the snapshot
[19/290] tests/answer-sets.spec.ts:93:1 › Answer Set changes inside a group affect only the form snapshot
[20/290] tests/authoring-baseline.spec.ts:5:1 › canonical one-question mobile baseline
[21/290] tests/authoring-simplification.spec.ts:16:2 › question density, connected authority, attach/detach, advanced mapping 1440
[22/290] tests/authoring-simplification.spec.ts:29:2 › new empty form and exact three-question reusable group 1440
[23/290] tests/authoring-simplification.spec.ts:32:2 › human version comparison and blocked question/group repair 1440
[24/290] tests/authoring-simplification.spec.ts:37:2 › Customer effort creation, lifecycle and mobile labels 1440
[25/290] tests/authoring-simplification.spec.ts:16:2 › question density, connected authority, attach/detach, advanced mapping 1920
[26/290] tests/authoring-simplification.spec.ts:29:2 › new empty form and exact three-question reusable group 1920
[27/290] tests/authoring-simplification.spec.ts:32:2 › human version comparison and blocked question/group repair 1920
[28/290] tests/authoring-simplification.spec.ts:37:2 › Customer effort creation, lifecycle and mobile labels 1920
[29/290] tests/authoring-simplification.spec.ts:16:2 › question density, connected authority, attach/detach, advanced mapping 390
[30/290] tests/authoring-simplification.spec.ts:29:2 › new empty form and exact three-question reusable group 390
[31/290] tests/authoring-simplification.spec.ts:32:2 › human version comparison and blocked question/group repair 390
[32/290] tests/authoring-simplification.spec.ts:37:2 › Customer effort creation, lifecycle and mobile labels 390
[33/290] tests/authoring-simplification.spec.ts:41:1 › imported form, group and Answer Set preserve keys, external mappings and export after unrelated edits
[34/290] tests/authoring-simplification.spec.ts:51:1 › save inline answers as reusable keeps current question until explicit attach
[35/290] tests/authoring-simplification.spec.ts:52:1 › published and role-read-only questions expand without disabled editing controls
[36/290] tests/authoring-simplification.spec.ts:53:1 › advanced key used by a condition fails closed with no silent migration
[37/290] tests/authoring-simplification.spec.ts:54:1 › disconnected question copy remains neutral; reconnect never uploads definitions
[38/290] tests/authoring-simplification.spec.ts:56:1 › author tasks replay and keyboard reachability from navigation through reusable choices
[39/290] tests/authoring-simplification.spec.ts:63:1 › group version update and detach preserve copied questions and source definitions
[40/290] tests/authoring.spec.ts:11:97 › authoring productivity and portability at 1440
[41/290] tests/authoring.spec.ts:11:97 › authoring productivity and portability at 1920
[42/290] tests/authoring.spec.ts:11:97 › authoring productivity and portability at 390
[43/290] tests/authoring.spec.ts:58:1 › offline draft stays browser-local
[44/290] tests/automation.spec.ts:4:3 › automation degrades safely without backend at 1440
  1) tests/automation.spec.ts:4:3 › automation degrades safely without backend at 1440 ─────────────

    Test timeout of 30000ms exceeded.

    Error: locator.click: Test ended.
    Call log:
      - waiting for getByRole('navigation', { name: 'Primary navigation' }).getByRole('button', { name: /Overview/ })


       5 |     const page=await browser.newPage({viewport})
       6 |     await installOwnerGovernanceFixture(page);await page.goto('http://127.0.0.1:4174/Genesys-aqm/')
    >  7 |     await page.getByRole('navigation',{name:'Primary navigation'}).getByRole('button',{name:/Overview/}).click()
         |                                                                                                          ^
       8 |     await expect(page.getByRole('heading',{name:'Overview',exact:true})).toBeVisible()
       9 |     await expect(page.getByText('Connect to the automation service',{exact:true})).toBeVisible()
      10 |     await expect(page.getByText('Connect to Genesys Cloud to view operational AQM health.')).toBeVisible()
        at /Users/simonridd/.codex/worktrees/aqm-v019-final-whole-product-review/Genesys-aqm/tests/automation.spec.ts:7:106

    Error Context: docs/v019-final-whole-product-review-evidence/existing-regression-artifacts/automation-automation-degr-16da6-ely-without-backend-at-1440/error-context.md

    attachment #2: trace (application/zip) ─────────────────────────────────────────────────────────
    docs/v019-final-whole-product-review-evidence/existing-regression-artifacts/automation-automation-degr-16da6-ely-without-backend-at-1440/trace.zip
    Usage:

        npx playwright show-trace docs/v019-final-whole-product-review-evidence/existing-regression-artifacts/automation-automation-degr-16da6-ely-without-backend-at-1440/trace.zip

    ────────────────────────────────────────────────────────────────────────────────────────────────


(node:5274) Warning: The 'NO_COLOR' env is ignored due to the 'FORCE_COLOR' env being set.
(Use `node --trace-warnings ...` to show where the warning was created)


[45/290] tests/automation.spec.ts:4:3 › automation degrades safely without backend at 1920
  2) tests/automation.spec.ts:4:3 › automation degrades safely without backend at 1920 ─────────────

    Test timeout of 30000ms exceeded.

    Error: locator.click: Test ended.
    Call log:
      - waiting for getByRole('navigation', { name: 'Primary navigation' }).getByRole('button', { name: /Overview/ })


       5 |     const page=await browser.newPage({viewport})
       6 |     await installOwnerGovernanceFixture(page);await page.goto('http://127.0.0.1:4174/Genesys-aqm/')
    >  7 |     await page.getByRole('navigation',{name:'Primary navigation'}).getByRole('button',{name:/Overview/}).click()
         |                                                                                                          ^
       8 |     await expect(page.getByRole('heading',{name:'Overview',exact:true})).toBeVisible()
       9 |     await expect(page.getByText('Connect to the automation service',{exact:true})).toBeVisible()
      10 |     await expect(page.getByText('Connect to Genesys Cloud to view operational AQM health.')).toBeVisible()
        at /Users/simonridd/.codex/worktrees/aqm-v019-final-whole-product-review/Genesys-aqm/tests/automation.spec.ts:7:106

    Error Context: docs/v019-final-whole-product-review-evidence/existing-regression-artifacts/automation-automation-degr-d373a-ely-without-backend-at-1920/error-context.md

    attachment #2: trace (application/zip) ─────────────────────────────────────────────────────────
    docs/v019-final-whole-product-review-evidence/existing-regression-artifacts/automation-automation-degr-d373a-ely-without-backend-at-1920/trace.zip
    Usage:

        npx playwright show-trace docs/v019-final-whole-product-review-evidence/existing-regression-artifacts/automation-automation-degr-d373a-ely-without-backend-at-1920/trace.zip

    ────────────────────────────────────────────────────────────────────────────────────────────────


(node:5521) Warning: The 'NO_COLOR' env is ignored due to the 'FORCE_COLOR' env being set.
(Use `node --trace-warnings ...` to show where the warning was created)


[46/290] tests/automation.spec.ts:4:3 › automation degrades safely without backend at 390
  3) tests/automation.spec.ts:4:3 › automation degrades safely without backend at 390 ──────────────

    Test timeout of 30000ms exceeded.

    Error: locator.click: Test ended.
    Call log:
      - waiting for getByRole('navigation', { name: 'Primary navigation' }).getByRole('button', { name: /Overview/ })


       5 |     const page=await browser.newPage({viewport})
       6 |     await installOwnerGovernanceFixture(page);await page.goto('http://127.0.0.1:4174/Genesys-aqm/')
    >  7 |     await page.getByRole('navigation',{name:'Primary navigation'}).getByRole('button',{name:/Overview/}).click()
         |                                                                                                          ^
       8 |     await expect(page.getByRole('heading',{name:'Overview',exact:true})).toBeVisible()
       9 |     await expect(page.getByText('Connect to the automation service',{exact:true})).toBeVisible()
      10 |     await expect(page.getByText('Connect to Genesys Cloud to view operational AQM health.')).toBeVisible()
        at /Users/simonridd/.codex/worktrees/aqm-v019-final-whole-product-review/Genesys-aqm/tests/automation.spec.ts:7:106

    Error Context: docs/v019-final-whole-product-review-evidence/existing-regression-artifacts/automation-automation-degrades-safely-without-backend-at-390/error-context.md

    attachment #2: trace (application/zip) ─────────────────────────────────────────────────────────
    docs/v019-final-whole-product-review-evidence/existing-regression-artifacts/automation-automation-degrades-safely-without-backend-at-390/trace.zip
    Usage:

        npx playwright show-trace docs/v019-final-whole-product-review-evidence/existing-regression-artifacts/automation-automation-degrades-safely-without-backend-at-390/trace.zip

    ────────────────────────────────────────────────────────────────────────────────────────────────


(node:5597) Warning: The 'NO_COLOR' env is ignored due to the 'FORCE_COLOR' env being set.
(Use `node --trace-warnings ...` to show where the warning was created)


[47/290] tests/calibration.spec.ts:10:3 › provider-free human review, conflict, calibration and drill-down at 1440
[48/290] tests/calibration.spec.ts:10:3 › provider-free human review, conflict, calibration and drill-down at 1920
[49/290] tests/calibration.spec.ts:10:3 › provider-free human review, conflict, calibration and drill-down at 390
[50/290] tests/control-plane-cache.spec.ts:11:2 › provider-free navigation, IndexedDB cache and trusted evaluation at 1440
  4) tests/control-plane-cache.spec.ts:11:2 › provider-free navigation, IndexedDB cache and trusted evaluation at 1440 

    Test timeout of 30000ms exceeded.

    Error: locator.click: Test ended.
    Call log:
      - waiting for getByRole('navigation', { name: 'Primary navigation' }).getByRole('button', { name: 'Evaluation Forms', exact: true })


      27 |   await page.getByRole('button',{name:'✦ Evaluate selected form →',exact:true}).click();await expect(page.getByText(/Production evaluation saved to the automation service/)).toBeVisible();expect(manual).toBe(1);expect(lastInput).toEqual({source:'genesys-cloud',conversationId,formId:form.id,formVersion:form.version});await expect(page.getByText(/proxy.*deployed/)).toHaveCount(0)
      28 |   const nav=page.getByRole('navigation',{name:'Primary navigation'});await nav.getByRole('button',{name:'Evaluations',exact:true}).click();await page.getByRole('row').filter({hasText:conversationId}).click();await page.getByRole('button',{name:/Open conversation/}).click();await expect(page.getByText('I need help with my bill.',{exact:true})).toBeVisible();expect(downloads).toBe(2)
    > 29 |   await nav.getByRole('button',{name:'Evaluation Forms',exact:true}).click();await page.getByRole('button',{name:'＋ New form'}).click();await expect(page.getByLabel('Execution')).toHaveValue('server');await page.getByRole('combobox',{name:'Source',exact:true}).selectOption('genesys-cloud');await page.getByRole('button',{name:'Load recent',exact:true}).click();await expect(page.getByText(/recent interactions available/)).toBeVisible();expect(searches).toBe(2)
         |                                                                      ^
      30 |   page.once('dialog',async dialog=>{expect(dialog.message()).toContain('Unsaved changes');await dialog.accept()});await nav.getByRole('button',{name:'Settings',exact:true}).click();await expect(page.getByLabel('OAuth Client ID')).toHaveValue('e05784c9-2421-4c2b-a3af-79fafb25aea8');await page.getByRole('navigation',{name:'Settings sections'}).getByRole('button',{name:'Privacy & retention',exact:true}).click();await expect(page.getByText(/2 cached searches · 1 cached transcripts/)).toBeVisible()
      31 |   const stored=await page.evaluate(async()=>{const db=await new Promise<IDBDatabase>((resolve,reject)=>{const request=indexedDB.open('genesys-aqm-conversations-v1',1);request.onsuccess=()=>resolve(request.result);request.onerror=()=>reject(request.error)});return new Promise<string>((resolve,reject)=>{const request=db.transaction('entries').objectStore('entries').getAll();request.onsuccess=()=>resolve(JSON.stringify(request.result));request.onerror=()=>reject(request.error)})});expect(stored).toContain('I need help with my bill.');expect(stored).not.toContain('fixture-token');expect(stored).not.toContain('transcriptsCache');expect(stored).not.toContain('fixture-code')
      32 |   await page.getByRole('navigation',{name:'Settings sections'}).getByRole('button',{name:'Connection',exact:true}).click();await page.getByRole('button',{name:'Disconnect',exact:true}).click();await expect(page.getByText('Disconnected',{exact:true})).toBeVisible();await expect.poll(async()=>page.evaluate(async()=>{const request=indexedDB.open('genesys-aqm-conversations-v1',1);const db=await new Promise<IDBDatabase>(resolve=>{request.onsuccess=()=>resolve(request.result)});return new Promise<number>(resolve=>{const count=db.transaction('entries').objectStore('entries').count();count.onsuccess=()=>resolve(count.result)})})).toBe(0)
        at /Users/simonridd/.codex/worktrees/aqm-v019-final-whole-product-review/Genesys-aqm/tests/control-plane-cache.spec.ts:29:70

    Error Context: docs/v019-final-whole-product-review-evidence/existing-regression-artifacts/control-plane-cache-provid-b9303--trusted-evaluation-at-1440/error-context.md

    attachment #2: trace (application/zip) ─────────────────────────────────────────────────────────
    docs/v019-final-whole-product-review-evidence/existing-regression-artifacts/control-plane-cache-provid-b9303--trusted-evaluation-at-1440/trace.zip
    Usage:

        npx playwright show-trace docs/v019-final-whole-product-review-evidence/existing-regression-artifacts/control-plane-cache-provid-b9303--trusted-evaluation-at-1440/trace.zip

    ────────────────────────────────────────────────────────────────────────────────────────────────


(node:5677) Warning: The 'NO_COLOR' env is ignored due to the 'FORCE_COLOR' env being set.
(Use `node --trace-warnings ...` to show where the warning was created)


[51/290] tests/control-plane-cache.spec.ts:11:2 › provider-free navigation, IndexedDB cache and trusted evaluation at 390
  5) tests/control-plane-cache.spec.ts:11:2 › provider-free navigation, IndexedDB cache and trusted evaluation at 390 

    Test timeout of 30000ms exceeded.

    Error: locator.click: Test ended.
    Call log:
      - waiting for getByRole('navigation', { name: 'Primary navigation' }).getByRole('button', { name: 'Evaluation Forms', exact: true })


      27 |   await page.getByRole('button',{name:'✦ Evaluate selected form →',exact:true}).click();await expect(page.getByText(/Production evaluation saved to the automation service/)).toBeVisible();expect(manual).toBe(1);expect(lastInput).toEqual({source:'genesys-cloud',conversationId,formId:form.id,formVersion:form.version});await expect(page.getByText(/proxy.*deployed/)).toHaveCount(0)
      28 |   const nav=page.getByRole('navigation',{name:'Primary navigation'});await nav.getByRole('button',{name:'Evaluations',exact:true}).click();await page.getByRole('row').filter({hasText:conversationId}).click();await page.getByRole('button',{name:/Open conversation/}).click();await expect(page.getByText('I need help with my bill.',{exact:true})).toBeVisible();expect(downloads).toBe(2)
    > 29 |   await nav.getByRole('button',{name:'Evaluation Forms',exact:true}).click();await page.getByRole('button',{name:'＋ New form'}).click();await expect(page.getByLabel('Execution')).toHaveValue('server');await page.getByRole('combobox',{name:'Source',exact:true}).selectOption('genesys-cloud');await page.getByRole('button',{name:'Load recent',exact:true}).click();await expect(page.getByText(/recent interactions available/)).toBeVisible();expect(searches).toBe(2)
         |                                                                      ^
      30 |   page.once('dialog',async dialog=>{expect(dialog.message()).toContain('Unsaved changes');await dialog.accept()});await nav.getByRole('button',{name:'Settings',exact:true}).click();await expect(page.getByLabel('OAuth Client ID')).toHaveValue('e05784c9-2421-4c2b-a3af-79fafb25aea8');await page.getByRole('navigation',{name:'Settings sections'}).getByRole('button',{name:'Privacy & retention',exact:true}).click();await expect(page.getByText(/2 cached searches · 1 cached transcripts/)).toBeVisible()
      31 |   const stored=await page.evaluate(async()=>{const db=await new Promise<IDBDatabase>((resolve,reject)=>{const request=indexedDB.open('genesys-aqm-conversations-v1',1);request.onsuccess=()=>resolve(request.result);request.onerror=()=>reject(request.error)});return new Promise<string>((resolve,reject)=>{const request=db.transaction('entries').objectStore('entries').getAll();request.onsuccess=()=>resolve(JSON.stringify(request.result));request.onerror=()=>reject(request.error)})});expect(stored).toContain('I need help with my bill.');expect(stored).not.toContain('fixture-token');expect(stored).not.toContain('transcriptsCache');expect(stored).not.toContain('fixture-code')
      32 |   await page.getByRole('navigation',{name:'Settings sections'}).getByRole('button',{name:'Connection',exact:true}).click();await page.getByRole('button',{name:'Disconnect',exact:true}).click();await expect(page.getByText('Disconnected',{exact:true})).toBeVisible();await expect.poll(async()=>page.evaluate(async()=>{const request=indexedDB.open('genesys-aqm-conversations-v1',1);const db=await new Promise<IDBDatabase>(resolve=>{request.onsuccess=()=>resolve(request.result)});return new Promise<number>(resolve=>{const count=db.transaction('entries').objectStore('entries').count();count.onsuccess=()=>resolve(count.result)})})).toBe(0)
        at /Users/simonridd/.codex/worktrees/aqm-v019-final-whole-product-review/Genesys-aqm/tests/control-plane-cache.spec.ts:29:70

    Error Context: docs/v019-final-whole-product-review-evidence/existing-regression-artifacts/control-plane-cache-provid-cc18b-d-trusted-evaluation-at-390/error-context.md

    attachment #2: trace (application/zip) ─────────────────────────────────────────────────────────
    docs/v019-final-whole-product-review-evidence/existing-regression-artifacts/control-plane-cache-provid-cc18b-d-trusted-evaluation-at-390/trace.zip
    Usage:

        npx playwright show-trace docs/v019-final-whole-product-review-evidence/existing-regression-artifacts/control-plane-cache-provid-cc18b-d-trusted-evaluation-at-390/trace.zip

    ────────────────────────────────────────────────────────────────────────────────────────────────


(node:5849) Warning: The 'NO_COLOR' env is ignored due to the 'FORCE_COLOR' env being set.
(Use `node --trace-warnings ...` to show where the warning was created)


[52/290] tests/definition-authority.spec.ts:60:2 › R05 exact review, saved/local libraries, routing and transitions 1440
  6) tests/definition-authority.spec.ts:60:2 › R05 exact review, saved/local libraries, routing and transitions 1440 

    Test timeout of 30000ms exceeded.

    Error: locator.click: Test ended.
    Call log:
      - waiting for getByRole('navigation', { name: 'Primary navigation' }).getByRole('button', { name: 'Conversation review', exact: true })


      72 |   await expect(page.getByRole('table').getByText(seedGroupAssets[0].name,{exact:true})).toHaveCount(0)
      73 |   await expect(page.getByRole('row').filter({hasText:savedGroup.name}).locator('td').nth(4)).toHaveText('1');await page.screenshot({path:`${evidence}/groups-${viewport.width}.png`,fullPage:true});await page.evaluate(()=>window.scrollTo(0,0));await page.screenshot({path:`${evidence}/groups-viewport-${viewport.width}.png`})
    > 74 |   await nav(page,'Conversation review').click();const routing=page.locator('.evaluation-card')
         |                                         ^
      75 |   await expect(routing.getByText(savedPolicy.name,{exact:true})).toBeVisible();await expect(routing.getByText('Customer Service Messaging',{exact:true})).toHaveCount(0);await expect(routing.getByText('Cross-channel monitoring sample',{exact:true})).toHaveCount(0)
      76 |   await expect(routing.locator('.assignment')).toHaveCount(1);await expect(routing.getByLabel('Manual form selection').locator('option')).toHaveText([savedForm.name])
      77 |   await page.screenshot({path:`${evidence}/routing-${viewport.width}.png`,fullPage:true});await page.screenshot({path:`${evidence}/routing-viewport-${viewport.width}.png`})
        at /Users/simonridd/.codex/worktrees/aqm-v019-final-whole-product-review/Genesys-aqm/tests/definition-authority.spec.ts:74:41

    Error Context: docs/v019-final-whole-product-review-evidence/existing-regression-artifacts/definition-authority-R05-e-528bc-outing-and-transitions-1440/error-context.md

    attachment #2: trace (application/zip) ─────────────────────────────────────────────────────────
    docs/v019-final-whole-product-review-evidence/existing-regression-artifacts/definition-authority-R05-e-528bc-outing-and-transitions-1440/trace.zip
    Usage:

        npx playwright show-trace docs/v019-final-whole-product-review-evidence/existing-regression-artifacts/definition-authority-R05-e-528bc-outing-and-transitions-1440/trace.zip

    ────────────────────────────────────────────────────────────────────────────────────────────────


(node:5920) Warning: The 'NO_COLOR' env is ignored due to the 'FORCE_COLOR' env being set.
(Use `node --trace-warnings ...` to show where the warning was created)


[53/290] tests/definition-authority.spec.ts:87:2 › shared saves, saved picker, dirty refresh and promotion 1440
  7) tests/definition-authority.spec.ts:87:2 › shared saves, saved picker, dirty refresh and promotion 1440 

    Test timeout of 30000ms exceeded.

    Error: locator.click: Test ended.
    Call log:
      - waiting for getByRole('navigation', { name: 'Primary navigation' }).getByRole('button', { name: 'Conversation review', exact: true })


      90 |   state.failSave=true;await page.locator('.policy-detail').getByRole('button',{name:'Save changes',exact:true}).click();await expect(page.getByRole('alert')).toContainText('changed elsewhere');await expect(page.getByText('Unsaved changes',{exact:true})).toBeVisible()
      91 |   state.failSave=false;await page.locator('.policy-detail').getByRole('button',{name:'Save changes',exact:true}).click();await expect(page.getByText('Unsaved changes',{exact:true})).toHaveCount(0)
    > 92 |   await nav(page,'Conversation review').click();await expect(page.locator('.match-list')).toContainText('Updated saved routing')
         |                                         ^
      93 |   state.forms.push(structuredClone(draftForm));await nav(page,'Evaluation Forms').click();await page.getByRole('button',{name:'Refresh saved forms'}).click();await expect(page.getByRole('heading',{name:'Saved in AQM · 2 saved forms'})).toBeVisible()
      94 |   await page.getByRole('row').filter({hasText:draftForm.name}).click();const detail=page.locator('.form-detail')
      95 |   await detail.getByLabel('Form name',{exact:true}).fill('Unsaved saved form');await expect(detail.getByText('Unsaved changes',{exact:true})).toBeVisible()
        at /Users/simonridd/.codex/worktrees/aqm-v019-final-whole-product-review/Genesys-aqm/tests/definition-authority.spec.ts:92:41

    Error Context: docs/v019-final-whole-product-review-evidence/existing-regression-artifacts/definition-authority-share-d2e7d--refresh-and-promotion-1440/error-context.md

    attachment #2: trace (application/zip) ─────────────────────────────────────────────────────────
    docs/v019-final-whole-product-review-evidence/existing-regression-artifacts/definition-authority-share-d2e7d--refresh-and-promotion-1440/trace.zip
    Usage:

        npx playwright show-trace docs/v019-final-whole-product-review-evidence/existing-regression-artifacts/definition-authority-share-d2e7d--refresh-and-promotion-1440/trace.zip

    ────────────────────────────────────────────────────────────────────────────────────────────────


(node:6016) Warning: The 'NO_COLOR' env is ignored due to the 'FORCE_COLOR' env being set.
(Use `node --trace-warnings ...` to show where the warning was created)


[54/290] tests/definition-authority.spec.ts:116:2 › saved endpoint failures and routing loading never show local matches 1440
  8) tests/definition-authority.spec.ts:116:2 › saved endpoint failures and routing loading never show local matches 1440 

    Test timeout of 30000ms exceeded.

    Error: locator.click: Test ended.
    Call log:
      - waiting for getByRole('navigation', { name: 'Primary navigation' }).getByRole('button', { name: 'Evaluation Forms', exact: true })


      118 |   const routing=page.locator('.evaluation-card');await expect(routing.getByText('Saved routing unavailable',{exact:true})).toBeVisible();await expect(routing.getByRole('alert')).toContainText('Saved policy routing could not be loaded');await expect(routing.locator('.match-list')).toHaveCount(0);await expect(routing.getByLabel('Manual form selection').locator('option')).toHaveText([savedForm.name])
      119 |   await page.screenshot({path:`${evidence}/routing-failure-${viewport.width}.png`,fullPage:true})
    > 120 |   state.fail='/api/forms';await nav(page,'Evaluation Forms').click();await page.getByRole('button',{name:'Refresh saved forms'}).click();await expect(page.getByRole('alert').filter({hasText:'Saved forms unavailable'})).toBeVisible();await nav(page,'Conversation review').click();await expect(routing.getByLabel('Manual form selection').locator('option')).toHaveCount(0)
          |                                                              ^
      121 |   state.fail='/api/question-groups';await nav(page,'Question Groups').click();await page.getByRole('button',{name:'Refresh saved groups'}).click();await expect(page.getByRole('alert').filter({hasText:'Saved reusable question groups unavailable'})).toBeVisible()
      122 |   state.fail='';state.delay=true;await nav(page,'Policies').click();await page.getByRole('button',{name:'Refresh durable policies'}).click();await nav(page,'Conversation review').click();await expect(routing.getByRole('status').filter({hasText:'Loading saved routing'})).toBeVisible();await expect(routing.locator('.match-list')).toHaveCount(0)
      123 |   state.release();await expect(routing.getByText(savedPolicy.name,{exact:true})).toBeVisible();expect(state.writes).toEqual([]);expect(state.errors).toEqual([]);await context.close()
        at /Users/simonridd/.codex/worktrees/aqm-v019-final-whole-product-review/Genesys-aqm/tests/definition-authority.spec.ts:120:62

    Error Context: docs/v019-final-whole-product-review-evidence/existing-regression-artifacts/definition-authority-saved-22092-ver-show-local-matches-1440/error-context.md

    attachment #2: trace (application/zip) ─────────────────────────────────────────────────────────
    docs/v019-final-whole-product-review-evidence/existing-regression-artifacts/definition-authority-saved-22092-ver-show-local-matches-1440/trace.zip
    Usage:

        npx playwright show-trace docs/v019-final-whole-product-review-evidence/existing-regression-artifacts/definition-authority-saved-22092-ver-show-local-matches-1440/trace.zip

    ────────────────────────────────────────────────────────────────────────────────────────────────


(node:6038) Warning: The 'NO_COLOR' env is ignored due to the 'FORCE_COLOR' env being set.
(Use `node --trace-warnings ...` to show where the warning was created)


[55/290] tests/definition-authority.spec.ts:60:2 › R05 exact review, saved/local libraries, routing and transitions 1920
  9) tests/definition-authority.spec.ts:60:2 › R05 exact review, saved/local libraries, routing and transitions 1920 

    Test timeout of 30000ms exceeded.

    Error: locator.click: Test ended.
    Call log:
      - waiting for getByRole('navigation', { name: 'Primary navigation' }).getByRole('button', { name: 'Conversation review', exact: true })


      72 |   await expect(page.getByRole('table').getByText(seedGroupAssets[0].name,{exact:true})).toHaveCount(0)
      73 |   await expect(page.getByRole('row').filter({hasText:savedGroup.name}).locator('td').nth(4)).toHaveText('1');await page.screenshot({path:`${evidence}/groups-${viewport.width}.png`,fullPage:true});await page.evaluate(()=>window.scrollTo(0,0));await page.screenshot({path:`${evidence}/groups-viewport-${viewport.width}.png`})
    > 74 |   await nav(page,'Conversation review').click();const routing=page.locator('.evaluation-card')
         |                                         ^
      75 |   await expect(routing.getByText(savedPolicy.name,{exact:true})).toBeVisible();await expect(routing.getByText('Customer Service Messaging',{exact:true})).toHaveCount(0);await expect(routing.getByText('Cross-channel monitoring sample',{exact:true})).toHaveCount(0)
      76 |   await expect(routing.locator('.assignment')).toHaveCount(1);await expect(routing.getByLabel('Manual form selection').locator('option')).toHaveText([savedForm.name])
      77 |   await page.screenshot({path:`${evidence}/routing-${viewport.width}.png`,fullPage:true});await page.screenshot({path:`${evidence}/routing-viewport-${viewport.width}.png`})
        at /Users/simonridd/.codex/worktrees/aqm-v019-final-whole-product-review/Genesys-aqm/tests/definition-authority.spec.ts:74:41

    Error Context: docs/v019-final-whole-product-review-evidence/existing-regression-artifacts/definition-authority-R05-e-0b301-outing-and-transitions-1920/error-context.md

    attachment #2: trace (application/zip) ─────────────────────────────────────────────────────────
    docs/v019-final-whole-product-review-evidence/existing-regression-artifacts/definition-authority-R05-e-0b301-outing-and-transitions-1920/trace.zip
    Usage:

        npx playwright show-trace docs/v019-final-whole-product-review-evidence/existing-regression-artifacts/definition-authority-R05-e-0b301-outing-and-transitions-1920/trace.zip

    ────────────────────────────────────────────────────────────────────────────────────────────────


(node:6071) Warning: The 'NO_COLOR' env is ignored due to the 'FORCE_COLOR' env being set.
(Use `node --trace-warnings ...` to show where the warning was created)


[56/290] tests/definition-authority.spec.ts:87:2 › shared saves, saved picker, dirty refresh and promotion 1920
  10) tests/definition-authority.spec.ts:87:2 › shared saves, saved picker, dirty refresh and promotion 1920 

    Test timeout of 30000ms exceeded.

    Error: locator.click: Test ended.
    Call log:
      - waiting for getByRole('navigation', { name: 'Primary navigation' }).getByRole('button', { name: 'Conversation review', exact: true })


      90 |   state.failSave=true;await page.locator('.policy-detail').getByRole('button',{name:'Save changes',exact:true}).click();await expect(page.getByRole('alert')).toContainText('changed elsewhere');await expect(page.getByText('Unsaved changes',{exact:true})).toBeVisible()
      91 |   state.failSave=false;await page.locator('.policy-detail').getByRole('button',{name:'Save changes',exact:true}).click();await expect(page.getByText('Unsaved changes',{exact:true})).toHaveCount(0)
    > 92 |   await nav(page,'Conversation review').click();await expect(page.locator('.match-list')).toContainText('Updated saved routing')
         |                                         ^
      93 |   state.forms.push(structuredClone(draftForm));await nav(page,'Evaluation Forms').click();await page.getByRole('button',{name:'Refresh saved forms'}).click();await expect(page.getByRole('heading',{name:'Saved in AQM · 2 saved forms'})).toBeVisible()
      94 |   await page.getByRole('row').filter({hasText:draftForm.name}).click();const detail=page.locator('.form-detail')
      95 |   await detail.getByLabel('Form name',{exact:true}).fill('Unsaved saved form');await expect(detail.getByText('Unsaved changes',{exact:true})).toBeVisible()
        at /Users/simonridd/.codex/worktrees/aqm-v019-final-whole-product-review/Genesys-aqm/tests/definition-authority.spec.ts:92:41

    Error Context: docs/v019-final-whole-product-review-evidence/existing-regression-artifacts/definition-authority-share-cb9cc--refresh-and-promotion-1920/error-context.md

    attachment #2: trace (application/zip) ─────────────────────────────────────────────────────────
    docs/v019-final-whole-product-review-evidence/existing-regression-artifacts/definition-authority-share-cb9cc--refresh-and-promotion-1920/trace.zip
    Usage:

        npx playwright show-trace docs/v019-final-whole-product-review-evidence/existing-regression-artifacts/definition-authority-share-cb9cc--refresh-and-promotion-1920/trace.zip

    ────────────────────────────────────────────────────────────────────────────────────────────────


(node:6114) Warning: The 'NO_COLOR' env is ignored due to the 'FORCE_COLOR' env being set.
(Use `node --trace-warnings ...` to show where the warning was created)


[57/290] tests/definition-authority.spec.ts:116:2 › saved endpoint failures and routing loading never show local matches 1920
  11) tests/definition-authority.spec.ts:116:2 › saved endpoint failures and routing loading never show local matches 1920 

    Test timeout of 30000ms exceeded.

    Error: locator.click: Test ended.
    Call log:
      - waiting for getByRole('navigation', { name: 'Primary navigation' }).getByRole('button', { name: 'Evaluation Forms', exact: true })


      118 |   const routing=page.locator('.evaluation-card');await expect(routing.getByText('Saved routing unavailable',{exact:true})).toBeVisible();await expect(routing.getByRole('alert')).toContainText('Saved policy routing could not be loaded');await expect(routing.locator('.match-list')).toHaveCount(0);await expect(routing.getByLabel('Manual form selection').locator('option')).toHaveText([savedForm.name])
      119 |   await page.screenshot({path:`${evidence}/routing-failure-${viewport.width}.png`,fullPage:true})
    > 120 |   state.fail='/api/forms';await nav(page,'Evaluation Forms').click();await page.getByRole('button',{name:'Refresh saved forms'}).click();await expect(page.getByRole('alert').filter({hasText:'Saved forms unavailable'})).toBeVisible();await nav(page,'Conversation review').click();await expect(routing.getByLabel('Manual form selection').locator('option')).toHaveCount(0)
          |                                                              ^
      121 |   state.fail='/api/question-groups';await nav(page,'Question Groups').click();await page.getByRole('button',{name:'Refresh saved groups'}).click();await expect(page.getByRole('alert').filter({hasText:'Saved reusable question groups unavailable'})).toBeVisible()
      122 |   state.fail='';state.delay=true;await nav(page,'Policies').click();await page.getByRole('button',{name:'Refresh durable policies'}).click();await nav(page,'Conversation review').click();await expect(routing.getByRole('status').filter({hasText:'Loading saved routing'})).toBeVisible();await expect(routing.locator('.match-list')).toHaveCount(0)
      123 |   state.release();await expect(routing.getByText(savedPolicy.name,{exact:true})).toBeVisible();expect(state.writes).toEqual([]);expect(state.errors).toEqual([]);await context.close()
        at /Users/simonridd/.codex/worktrees/aqm-v019-final-whole-product-review/Genesys-aqm/tests/definition-authority.spec.ts:120:62

    Error Context: docs/v019-final-whole-product-review-evidence/existing-regression-artifacts/definition-authority-saved-81619-ver-show-local-matches-1920/error-context.md

    attachment #2: trace (application/zip) ─────────────────────────────────────────────────────────
    docs/v019-final-whole-product-review-evidence/existing-regression-artifacts/definition-authority-saved-81619-ver-show-local-matches-1920/trace.zip
    Usage:

        npx playwright show-trace docs/v019-final-whole-product-review-evidence/existing-regression-artifacts/definition-authority-saved-81619-ver-show-local-matches-1920/trace.zip

    ────────────────────────────────────────────────────────────────────────────────────────────────


(node:6148) Warning: The 'NO_COLOR' env is ignored due to the 'FORCE_COLOR' env being set.
(Use `node --trace-warnings ...` to show where the warning was created)


[58/290] tests/definition-authority.spec.ts:60:2 › R05 exact review, saved/local libraries, routing and transitions 390
  12) tests/definition-authority.spec.ts:60:2 › R05 exact review, saved/local libraries, routing and transitions 390 

    Test timeout of 30000ms exceeded.

    Error: locator.click: Test ended.
    Call log:
      - waiting for getByRole('navigation', { name: 'Primary navigation' }).getByRole('button', { name: 'Conversation review', exact: true })


      72 |   await expect(page.getByRole('table').getByText(seedGroupAssets[0].name,{exact:true})).toHaveCount(0)
      73 |   await expect(page.getByRole('row').filter({hasText:savedGroup.name}).locator('td').nth(4)).toHaveText('1');await page.screenshot({path:`${evidence}/groups-${viewport.width}.png`,fullPage:true});await page.evaluate(()=>window.scrollTo(0,0));await page.screenshot({path:`${evidence}/groups-viewport-${viewport.width}.png`})
    > 74 |   await nav(page,'Conversation review').click();const routing=page.locator('.evaluation-card')
         |                                         ^
      75 |   await expect(routing.getByText(savedPolicy.name,{exact:true})).toBeVisible();await expect(routing.getByText('Customer Service Messaging',{exact:true})).toHaveCount(0);await expect(routing.getByText('Cross-channel monitoring sample',{exact:true})).toHaveCount(0)
      76 |   await expect(routing.locator('.assignment')).toHaveCount(1);await expect(routing.getByLabel('Manual form selection').locator('option')).toHaveText([savedForm.name])
      77 |   await page.screenshot({path:`${evidence}/routing-${viewport.width}.png`,fullPage:true});await page.screenshot({path:`${evidence}/routing-viewport-${viewport.width}.png`})
        at /Users/simonridd/.codex/worktrees/aqm-v019-final-whole-product-review/Genesys-aqm/tests/definition-authority.spec.ts:74:41

    Error Context: docs/v019-final-whole-product-review-evidence/existing-regression-artifacts/definition-authority-R05-e-7236e-routing-and-transitions-390/error-context.md

    attachment #2: trace (application/zip) ─────────────────────────────────────────────────────────
    docs/v019-final-whole-product-review-evidence/existing-regression-artifacts/definition-authority-R05-e-7236e-routing-and-transitions-390/trace.zip
    Usage:

        npx playwright show-trace docs/v019-final-whole-product-review-evidence/existing-regression-artifacts/definition-authority-R05-e-7236e-routing-and-transitions-390/trace.zip

    ────────────────────────────────────────────────────────────────────────────────────────────────


(node:6175) Warning: The 'NO_COLOR' env is ignored due to the 'FORCE_COLOR' env being set.
(Use `node --trace-warnings ...` to show where the warning was created)


[59/290] tests/definition-authority.spec.ts:87:2 › shared saves, saved picker, dirty refresh and promotion 390
  13) tests/definition-authority.spec.ts:87:2 › shared saves, saved picker, dirty refresh and promotion 390 

    Test timeout of 30000ms exceeded.

    Error: locator.click: Test ended.
    Call log:
      - waiting for getByRole('navigation', { name: 'Primary navigation' }).getByRole('button', { name: 'Conversation review', exact: true })


      90 |   state.failSave=true;await page.locator('.policy-detail').getByRole('button',{name:'Save changes',exact:true}).click();await expect(page.getByRole('alert')).toContainText('changed elsewhere');await expect(page.getByText('Unsaved changes',{exact:true})).toBeVisible()
      91 |   state.failSave=false;await page.locator('.policy-detail').getByRole('button',{name:'Save changes',exact:true}).click();await expect(page.getByText('Unsaved changes',{exact:true})).toHaveCount(0)
    > 92 |   await nav(page,'Conversation review').click();await expect(page.locator('.match-list')).toContainText('Updated saved routing')
         |                                         ^
      93 |   state.forms.push(structuredClone(draftForm));await nav(page,'Evaluation Forms').click();await page.getByRole('button',{name:'Refresh saved forms'}).click();await expect(page.getByRole('heading',{name:'Saved in AQM · 2 saved forms'})).toBeVisible()
      94 |   await page.getByRole('row').filter({hasText:draftForm.name}).click();const detail=page.locator('.form-detail')
      95 |   await detail.getByLabel('Form name',{exact:true}).fill('Unsaved saved form');await expect(detail.getByText('Unsaved changes',{exact:true})).toBeVisible()
        at /Users/simonridd/.codex/worktrees/aqm-v019-final-whole-product-review/Genesys-aqm/tests/definition-authority.spec.ts:92:41

    Error Context: docs/v019-final-whole-product-review-evidence/existing-regression-artifacts/definition-authority-share-1f0ed-y-refresh-and-promotion-390/error-context.md

    attachment #2: trace (application/zip) ─────────────────────────────────────────────────────────
    docs/v019-final-whole-product-review-evidence/existing-regression-artifacts/definition-authority-share-1f0ed-y-refresh-and-promotion-390/trace.zip
    Usage:

        npx playwright show-trace docs/v019-final-whole-product-review-evidence/existing-regression-artifacts/definition-authority-share-1f0ed-y-refresh-and-promotion-390/trace.zip

    ────────────────────────────────────────────────────────────────────────────────────────────────


(node:6206) Warning: The 'NO_COLOR' env is ignored due to the 'FORCE_COLOR' env being set.
(Use `node --trace-warnings ...` to show where the warning was created)


[60/290] tests/definition-authority.spec.ts:116:2 › saved endpoint failures and routing loading never show local matches 390
  14) tests/definition-authority.spec.ts:116:2 › saved endpoint failures and routing loading never show local matches 390 

    Test timeout of 30000ms exceeded.

    Error: locator.click: Test ended.
    Call log:
      - waiting for getByRole('navigation', { name: 'Primary navigation' }).getByRole('button', { name: 'Evaluation Forms', exact: true })


      118 |   const routing=page.locator('.evaluation-card');await expect(routing.getByText('Saved routing unavailable',{exact:true})).toBeVisible();await expect(routing.getByRole('alert')).toContainText('Saved policy routing could not be loaded');await expect(routing.locator('.match-list')).toHaveCount(0);await expect(routing.getByLabel('Manual form selection').locator('option')).toHaveText([savedForm.name])
      119 |   await page.screenshot({path:`${evidence}/routing-failure-${viewport.width}.png`,fullPage:true})
    > 120 |   state.fail='/api/forms';await nav(page,'Evaluation Forms').click();await page.getByRole('button',{name:'Refresh saved forms'}).click();await expect(page.getByRole('alert').filter({hasText:'Saved forms unavailable'})).toBeVisible();await nav(page,'Conversation review').click();await expect(routing.getByLabel('Manual form selection').locator('option')).toHaveCount(0)
          |                                                              ^
      121 |   state.fail='/api/question-groups';await nav(page,'Question Groups').click();await page.getByRole('button',{name:'Refresh saved groups'}).click();await expect(page.getByRole('alert').filter({hasText:'Saved reusable question groups unavailable'})).toBeVisible()
      122 |   state.fail='';state.delay=true;await nav(page,'Policies').click();await page.getByRole('button',{name:'Refresh durable policies'}).click();await nav(page,'Conversation review').click();await expect(routing.getByRole('status').filter({hasText:'Loading saved routing'})).toBeVisible();await expect(routing.locator('.match-list')).toHaveCount(0)
      123 |   state.release();await expect(routing.getByText(savedPolicy.name,{exact:true})).toBeVisible();expect(state.writes).toEqual([]);expect(state.errors).toEqual([]);await context.close()
        at /Users/simonridd/.codex/worktrees/aqm-v019-final-whole-product-review/Genesys-aqm/tests/definition-authority.spec.ts:120:62

    Error Context: docs/v019-final-whole-product-review-evidence/existing-regression-artifacts/definition-authority-saved-4f1eb-ever-show-local-matches-390/error-context.md

    attachment #2: trace (application/zip) ─────────────────────────────────────────────────────────
    docs/v019-final-whole-product-review-evidence/existing-regression-artifacts/definition-authority-saved-4f1eb-ever-show-local-matches-390/trace.zip
    Usage:

        npx playwright show-trace docs/v019-final-whole-product-review-evidence/existing-regression-artifacts/definition-authority-saved-4f1eb-ever-show-local-matches-390/trace.zip

    ────────────────────────────────────────────────────────────────────────────────────────────────


(node:6227) Warning: The 'NO_COLOR' env is ignored due to the 'FORCE_COLOR' env being set.
(Use `node --trace-warnings ...` to show where the warning was created)


[61/290] tests/definition-authority.spec.ts:127:1 › exact voice criteria, missing saved pin, two saved forms and persistent working copies
  15) tests/definition-authority.spec.ts:127:1 › exact voice criteria, missing saved pin, two saved forms and persistent working copies 

    Test timeout of 30000ms exceeded.

    Error: locator.click: Test timeout of 30000ms exceeded.
    Call log:
      - waiting for getByRole('navigation', { name: 'Primary navigation' }).getByRole('button', { name: 'Conversation review', exact: true })


      136 |  await page.getByRole('row').filter({hasText:'Recovered working draft'}).click();await expect(page.locator('.form-detail').getByLabel('Form name',{exact:true})).toHaveValue('Recovered working draft');await expect(page.locator('.form-detail').getByText('Unsaved changes',{exact:true})).toBeVisible()
      137 |  await page.locator('.form-detail').getByRole('button',{name:'Save changes',exact:true}).click()
    > 138 |  await nav(page,'Conversation review').click();await expect(page.getByText('No saved policy matched.',{exact:false})).toBeVisible();await expect(page.locator('.match-list')).toHaveCount(0)
          |                                        ^
      139 |  await expect(page.getByLabel('Manual form selection').locator('option')).toHaveText([savedForm.name])
      140 |  await nav(page,'Conversations').click();await page.getByRole('combobox',{name:'Channel',exact:true}).selectOption('voice');await page.getByRole('row').filter({hasText:'syn-billing-dispute'}).click()
      141 |  await expect(page.locator('.match-list')).toContainText('Daily Voice Customer Service AQM');await expect(page.locator('.match-list')).not.toContainText('Customer Service Messaging');await expect(page.locator('.match-list')).not.toContainText('Cross-channel monitoring sample');await page.screenshot({path:`${evidence}/exact-voice-routing.png`,fullPage:true})
        at /Users/simonridd/.codex/worktrees/aqm-v019-final-whole-product-review/Genesys-aqm/tests/definition-authority.spec.ts:138:40

    Error Context: docs/v019-final-whole-product-review-evidence/existing-regression-artifacts/definition-authority-exact-79a3d-d-persistent-working-copies/error-context.md

    attachment #2: trace (application/zip) ─────────────────────────────────────────────────────────
    docs/v019-final-whole-product-review-evidence/existing-regression-artifacts/definition-authority-exact-79a3d-d-persistent-working-copies/trace.zip
    Usage:

        npx playwright show-trace docs/v019-final-whole-product-review-evidence/existing-regression-artifacts/definition-authority-exact-79a3d-d-persistent-working-copies/trace.zip

    ────────────────────────────────────────────────────────────────────────────────────────────────


(node:6246) Warning: The 'NO_COLOR' env is ignored due to the 'FORCE_COLOR' env being set.
(Use `node --trace-warnings ...` to show where the warning was created)


[62/290] tests/definition-authority.spec.ts:147:1 › failed shared policy refresh retains dirty policy and separate schedule drafts
[63/290] tests/digital-policy.spec.ts:5:97 › email and messaging policy channel plans at 1440
  16) tests/digital-policy.spec.ts:5:97 › email and messaging policy channel plans at 1440 ─────────

    Test timeout of 30000ms exceeded.

    Error: locator.click: Test ended.
    Call log:
      - waiting for getByRole('navigation', { name: 'Primary navigation' }).getByRole('button', { name: 'Policies', exact: true })


       9 |  await installOwnerGovernanceFixture(page);await page.goto(appUrl)
      10 |  const nav=page.getByRole('navigation',{name:'Primary navigation'})
    > 11 |  await nav.getByRole('button',{name:'Policies',exact:true}).click()
         |                                                             ^
      12 |  await page.getByText('Legacy browser policy sandbox (local development)',{exact:true}).click()
      13 |  for(const channel of ['email','messaging']){
      14 |   await page.getByRole('combobox',{name:'Policy',exact:true}).selectOption(channel)
        at /Users/simonridd/.codex/worktrees/aqm-v019-final-whole-product-review/Genesys-aqm/tests/digital-policy.spec.ts:11:61

    Error Context: docs/v019-final-whole-product-review-evidence/existing-regression-artifacts/digital-policy-email-and-m-1bc19-olicy-channel-plans-at-1440/error-context.md

    attachment #2: trace (application/zip) ─────────────────────────────────────────────────────────
    docs/v019-final-whole-product-review-evidence/existing-regression-artifacts/digital-policy-email-and-m-1bc19-olicy-channel-plans-at-1440/trace.zip
    Usage:

        npx playwright show-trace docs/v019-final-whole-product-review-evidence/existing-regression-artifacts/digital-policy-email-and-m-1bc19-olicy-channel-plans-at-1440/trace.zip

    ────────────────────────────────────────────────────────────────────────────────────────────────


(node:6293) Warning: The 'NO_COLOR' env is ignored due to the 'FORCE_COLOR' env being set.
(Use `node --trace-warnings ...` to show where the warning was created)


[64/290] tests/digital-policy.spec.ts:5:97 › email and messaging policy channel plans at 1920
  17) tests/digital-policy.spec.ts:5:97 › email and messaging policy channel plans at 1920 ─────────

    Test timeout of 30000ms exceeded.

    Error: locator.click: Test ended.
    Call log:
      - waiting for getByRole('navigation', { name: 'Primary navigation' }).getByRole('button', { name: 'Policies', exact: true })


       9 |  await installOwnerGovernanceFixture(page);await page.goto(appUrl)
      10 |  const nav=page.getByRole('navigation',{name:'Primary navigation'})
    > 11 |  await nav.getByRole('button',{name:'Policies',exact:true}).click()
         |                                                             ^
      12 |  await page.getByText('Legacy browser policy sandbox (local development)',{exact:true}).click()
      13 |  for(const channel of ['email','messaging']){
      14 |   await page.getByRole('combobox',{name:'Policy',exact:true}).selectOption(channel)
        at /Users/simonridd/.codex/worktrees/aqm-v019-final-whole-product-review/Genesys-aqm/tests/digital-policy.spec.ts:11:61

    Error Context: docs/v019-final-whole-product-review-evidence/existing-regression-artifacts/digital-policy-email-and-m-f1f34-olicy-channel-plans-at-1920/error-context.md

    attachment #2: trace (application/zip) ─────────────────────────────────────────────────────────
    docs/v019-final-whole-product-review-evidence/existing-regression-artifacts/digital-policy-email-and-m-f1f34-olicy-channel-plans-at-1920/trace.zip
    Usage:

        npx playwright show-trace docs/v019-final-whole-product-review-evidence/existing-regression-artifacts/digital-policy-email-and-m-f1f34-olicy-channel-plans-at-1920/trace.zip

    ────────────────────────────────────────────────────────────────────────────────────────────────


(node:6337) Warning: The 'NO_COLOR' env is ignored due to the 'FORCE_COLOR' env being set.
(Use `node --trace-warnings ...` to show where the warning was created)


[65/290] tests/digital-policy.spec.ts:5:97 › email and messaging policy channel plans at 390
  18) tests/digital-policy.spec.ts:5:97 › email and messaging policy channel plans at 390 ──────────

    Test timeout of 30000ms exceeded.

    Error: locator.click: Test ended.
    Call log:
      - waiting for getByRole('navigation', { name: 'Primary navigation' }).getByRole('button', { name: 'Policies', exact: true })


       9 |  await installOwnerGovernanceFixture(page);await page.goto(appUrl)
      10 |  const nav=page.getByRole('navigation',{name:'Primary navigation'})
    > 11 |  await nav.getByRole('button',{name:'Policies',exact:true}).click()
         |                                                             ^
      12 |  await page.getByText('Legacy browser policy sandbox (local development)',{exact:true}).click()
      13 |  for(const channel of ['email','messaging']){
      14 |   await page.getByRole('combobox',{name:'Policy',exact:true}).selectOption(channel)
        at /Users/simonridd/.codex/worktrees/aqm-v019-final-whole-product-review/Genesys-aqm/tests/digital-policy.spec.ts:11:61

    Error Context: docs/v019-final-whole-product-review-evidence/existing-regression-artifacts/digital-policy-email-and-m-9693a-policy-channel-plans-at-390/error-context.md

    attachment #2: trace (application/zip) ─────────────────────────────────────────────────────────
    docs/v019-final-whole-product-review-evidence/existing-regression-artifacts/digital-policy-email-and-m-9693a-policy-channel-plans-at-390/trace.zip
    Usage:

        npx playwright show-trace docs/v019-final-whole-product-review-evidence/existing-regression-artifacts/digital-policy-email-and-m-9693a-policy-channel-plans-at-390/trace.zip

    ────────────────────────────────────────────────────────────────────────────────────────────────


(node:6410) Warning: The 'NO_COLOR' env is ignored due to the 'FORCE_COLOR' env being set.
(Use `node --trace-warnings ...` to show where the warning was created)


[66/290] tests/email.spec.ts:7:97 › email search, normalized relay, content cache and refresh at 1440
  19) tests/email.spec.ts:7:97 › email search, normalized relay, content cache and refresh at 1440 ─

    Error: expect(locator).toBeVisible() failed

    Locator: getByText(/0 cached searches · 0 cached transcripts/)
    Expected: visible
    Timeout: 5000ms
    Error: element(s) not found

    Call log:
      - Expect "toBeVisible" getByText(/0 cached searches · 0 cached transcripts/) with timeout 5000ms
      - waiting for getByText(/0 cached searches · 0 cached transcripts/)


      21 |  expect(JSON.stringify(entries)).toContain('Billing question');expect(JSON.stringify(entries)).not.toMatch(/fixture-token|mediaUri|signed|EML|MIME-Version|attachments/)
      22 |  await page.locator('.transcript').screenshot({path:`/private/tmp/aqm-v09-email-${viewport.width}.png`});expect((await page.locator('.email-body').boundingBox())!.width).toBeLessThan(viewport.width)
    > 23 |  await page.getByRole('navigation',{name:'Primary navigation'}).getByRole('button',{name:'Settings',exact:true}).click();await page.getByRole('button',{name:'Disconnect',exact:true}).click();await expect(page.getByText(/0 cached searches · 0 cached transcripts/)).toBeVisible()
         |                                                                                                                                                                                                                                                                         ^
      24 |  await context.close()
      25 | })
      26 |
        at /Users/simonridd/.codex/worktrees/aqm-v019-final-whole-product-review/Genesys-aqm/tests/email.spec.ts:23:265

    Error Context: docs/v019-final-whole-product-review-evidence/existing-regression-artifacts/email-email-search-normali-8d627-t-cache-and-refresh-at-1440/error-context.md

    attachment #2: trace (application/zip) ─────────────────────────────────────────────────────────
    docs/v019-final-whole-product-review-evidence/existing-regression-artifacts/email-email-search-normali-8d627-t-cache-and-refresh-at-1440/trace.zip
    Usage:

        npx playwright show-trace docs/v019-final-whole-product-review-evidence/existing-regression-artifacts/email-email-search-normali-8d627-t-cache-and-refresh-at-1440/trace.zip

    ────────────────────────────────────────────────────────────────────────────────────────────────


(node:6426) Warning: The 'NO_COLOR' env is ignored due to the 'FORCE_COLOR' env being set.
(Use `node --trace-warnings ...` to show where the warning was created)


[67/290] tests/email.spec.ts:7:97 › email search, normalized relay, content cache and refresh at 1920
  20) tests/email.spec.ts:7:97 › email search, normalized relay, content cache and refresh at 1920 ─

    Error: expect(locator).toBeVisible() failed

    Locator: getByText(/0 cached searches · 0 cached transcripts/)
    Expected: visible
    Timeout: 5000ms
    Error: element(s) not found

    Call log:
      - Expect "toBeVisible" getByText(/0 cached searches · 0 cached transcripts/) with timeout 5000ms
      - waiting for getByText(/0 cached searches · 0 cached transcripts/)


      21 |  expect(JSON.stringify(entries)).toContain('Billing question');expect(JSON.stringify(entries)).not.toMatch(/fixture-token|mediaUri|signed|EML|MIME-Version|attachments/)
      22 |  await page.locator('.transcript').screenshot({path:`/private/tmp/aqm-v09-email-${viewport.width}.png`});expect((await page.locator('.email-body').boundingBox())!.width).toBeLessThan(viewport.width)
    > 23 |  await page.getByRole('navigation',{name:'Primary navigation'}).getByRole('button',{name:'Settings',exact:true}).click();await page.getByRole('button',{name:'Disconnect',exact:true}).click();await expect(page.getByText(/0 cached searches · 0 cached transcripts/)).toBeVisible()
         |                                                                                                                                                                                                                                                                         ^
      24 |  await context.close()
      25 | })
      26 |
        at /Users/simonridd/.codex/worktrees/aqm-v019-final-whole-product-review/Genesys-aqm/tests/email.spec.ts:23:265

    Error Context: docs/v019-final-whole-product-review-evidence/existing-regression-artifacts/email-email-search-normali-8e4bf-t-cache-and-refresh-at-1920/error-context.md

    attachment #2: trace (application/zip) ─────────────────────────────────────────────────────────
    docs/v019-final-whole-product-review-evidence/existing-regression-artifacts/email-email-search-normali-8e4bf-t-cache-and-refresh-at-1920/trace.zip
    Usage:

        npx playwright show-trace docs/v019-final-whole-product-review-evidence/existing-regression-artifacts/email-email-search-normali-8e4bf-t-cache-and-refresh-at-1920/trace.zip

    ────────────────────────────────────────────────────────────────────────────────────────────────


(node:6442) Warning: The 'NO_COLOR' env is ignored due to the 'FORCE_COLOR' env being set.
(Use `node --trace-warnings ...` to show where the warning was created)


[68/290] tests/email.spec.ts:7:97 › email search, normalized relay, content cache and refresh at 390
  21) tests/email.spec.ts:7:97 › email search, normalized relay, content cache and refresh at 390 ──

    Error: expect(locator).toBeVisible() failed

    Locator: getByText(/0 cached searches · 0 cached transcripts/)
    Expected: visible
    Timeout: 5000ms
    Error: element(s) not found

    Call log:
      - Expect "toBeVisible" getByText(/0 cached searches · 0 cached transcripts/) with timeout 5000ms
      - waiting for getByText(/0 cached searches · 0 cached transcripts/)


      21 |  expect(JSON.stringify(entries)).toContain('Billing question');expect(JSON.stringify(entries)).not.toMatch(/fixture-token|mediaUri|signed|EML|MIME-Version|attachments/)
      22 |  await page.locator('.transcript').screenshot({path:`/private/tmp/aqm-v09-email-${viewport.width}.png`});expect((await page.locator('.email-body').boundingBox())!.width).toBeLessThan(viewport.width)
    > 23 |  await page.getByRole('navigation',{name:'Primary navigation'}).getByRole('button',{name:'Settings',exact:true}).click();await page.getByRole('button',{name:'Disconnect',exact:true}).click();await expect(page.getByText(/0 cached searches · 0 cached transcripts/)).toBeVisible()
         |                                                                                                                                                                                                                                                                         ^
      24 |  await context.close()
      25 | })
      26 |
        at /Users/simonridd/.codex/worktrees/aqm-v019-final-whole-product-review/Genesys-aqm/tests/email.spec.ts:23:265

    Error Context: docs/v019-final-whole-product-review-evidence/existing-regression-artifacts/email-email-search-normali-50f96-nt-cache-and-refresh-at-390/error-context.md

    attachment #2: trace (application/zip) ─────────────────────────────────────────────────────────
    docs/v019-final-whole-product-review-evidence/existing-regression-artifacts/email-email-search-normali-50f96-nt-cache-and-refresh-at-390/trace.zip
    Usage:

        npx playwright show-trace docs/v019-final-whole-product-review-evidence/existing-regression-artifacts/email-email-search-normali-50f96-nt-cache-and-refresh-at-390/trace.zip

    ────────────────────────────────────────────────────────────────────────────────────────────────


(node:6454) Warning: The 'NO_COLOR' env is ignored due to the 'FORCE_COLOR' env being set.
(Use `node --trace-warnings ...` to show where the warning was created)


[69/290] tests/first-use-settings.spec.ts:36:2 › first use and connection routes at 1440
[70/290] tests/first-use-settings.spec.ts:48:2 › shared governance settings survive sections at 1440
[71/290] tests/first-use-settings.spec.ts:36:2 › first use and connection routes at 1920
[72/290] tests/first-use-settings.spec.ts:48:2 › shared governance settings survive sections at 1920
[73/290] tests/first-use-settings.spec.ts:36:2 › first use and connection routes at 390
[74/290] tests/first-use-settings.spec.ts:48:2 › shared governance settings survive sections at 390
[75/290] tests/first-use-settings.spec.ts:61:68 › coherent Settings for ADMIN
[76/290] tests/first-use-settings.spec.ts:61:68 › coherent Settings for AUTHOR
[77/290] tests/first-use-settings.spec.ts:61:68 › coherent Settings for REVIEWER
[78/290] tests/first-use-settings.spec.ts:61:68 › coherent Settings for VIEWER
[79/290] tests/first-use-settings.spec.ts:68:34 › saved setup stage 0
[80/290] tests/first-use-settings.spec.ts:68:34 › saved setup stage 1
[81/290] tests/first-use-settings.spec.ts:68:34 › saved setup stage 2
[82/290] tests/first-use-settings.spec.ts:68:34 › saved setup stage 3
[83/290] tests/first-use-settings.spec.ts:68:34 › saved setup stage 4
[84/290] tests/first-use-settings.spec.ts:74:1 › OAuth error returns to Connection with visible error
[85/290] tests/first-use-settings.spec.ts:75:229 › Settings deep link default
[86/290] tests/first-use-settings.spec.ts:75:229 › Settings deep link invalid
[87/290] tests/first-use-settings.spec.ts:75:229 › Settings deep link connection
[88/290] tests/first-use-settings.spec.ts:75:229 › Settings deep link access
[89/290] tests/first-use-settings.spec.ts:75:229 › Settings deep link reviews
[90/290] tests/first-use-settings.spec.ts:75:229 › Settings deep link privacy
[91/290] tests/first-use-settings.spec.ts:75:229 › Settings deep link notifications
[92/290] tests/first-use-settings.spec.ts:75:229 › Settings deep link audit
[93/290] tests/first-use-settings.spec.ts:78:35 › explicit fixture Connect → callback success
[94/290] tests/first-use-settings.spec.ts:78:35 › explicit fixture Connect → callback failure
[95/290] tests/form-composition.spec.ts:15:2 › provider-free group composition and reusable snapshots at 1440
[96/290] tests/form-composition.spec.ts:15:2 › provider-free group composition and reusable snapshots at 1920
[97/290] tests/form-composition.spec.ts:15:2 › provider-free group composition and reusable snapshots at 390
[98/290] tests/form-publication.spec.ts:11:3 › provider-free recreated form publication and authoritative reload at 1440
  22) tests/form-publication.spec.ts:11:3 › provider-free recreated form publication and authoritative reload at 1440 

    Test timeout of 30000ms exceeded.

    Error: locator.click: Test ended.
    Call log:
      - waiting for getByRole('navigation', { name: 'Primary navigation' }).getByRole('button', { name: 'Conversation review', exact: true })


      35 |     await openActions(detail);await detail.getByRole('button',{name:'Move to testing'}).click();await expect(detail.getByText('TESTING · VERSION 1')).toBeVisible()
      36 |     await openActions(detail);await detail.getByRole('button',{name:'TEST FORM',exact:true}).click();await expect(page.locator('#form-test')).toBeInViewport();await page.getByLabel('Conversations',{exact:true}).fill('1');await page.locator('#form-test').getByRole('button',{name:'Test form',exact:true}).click();await expect(page.getByText('0 completed · 0 failed',{exact:true})).toBeVisible();expect(tests).toBe(1)
    > 37 |     await nav.getByRole('button',{name:'Conversation review',exact:true}).click();await expect(page.getByLabel('Manual form selection').locator('option').filter({hasText:'Customer Service - AI Scoring'})).toHaveCount(0);await expect(page.getByRole('button',{name:'Test a draft/testing form'})).toBeVisible()
         |                                                                           ^
      38 |     await nav.getByRole('button',{name:'Policies',exact:true}).click();await page.getByRole('button',{name:'＋ New policy',exact:true}).click();await expect(page.getByRole('checkbox',{name:/Customer Service - AI Scoring/})).toHaveCount(0)
      39 |     page.once('dialog',d=>d.accept());await nav.getByRole('button',{name:'Evaluation Forms',exact:true}).click();await selectRecreated()
      40 |     const richQuestions=()=>detail.locator('.question-main > .question-titles, .question-main > p, .question-rubric').allTextContents()
        at /Users/simonridd/.codex/worktrees/aqm-v019-final-whole-product-review/Genesys-aqm/tests/form-publication.spec.ts:37:75

    Error Context: docs/v019-final-whole-product-review-evidence/existing-regression-artifacts/form-publication-provider--ddc22-uthoritative-reload-at-1440/error-context.md

    attachment #2: trace (application/zip) ─────────────────────────────────────────────────────────
    docs/v019-final-whole-product-review-evidence/existing-regression-artifacts/form-publication-provider--ddc22-uthoritative-reload-at-1440/trace.zip
    Usage:

        npx playwright show-trace docs/v019-final-whole-product-review-evidence/existing-regression-artifacts/form-publication-provider--ddc22-uthoritative-reload-at-1440/trace.zip

    ────────────────────────────────────────────────────────────────────────────────────────────────


(node:6809) Warning: The 'NO_COLOR' env is ignored due to the 'FORCE_COLOR' env being set.
(Use `node --trace-warnings ...` to show where the warning was created)


[99/290] tests/form-publication.spec.ts:11:3 › provider-free recreated form publication and authoritative reload at 1920
  23) tests/form-publication.spec.ts:11:3 › provider-free recreated form publication and authoritative reload at 1920 

    Test timeout of 30000ms exceeded.

    Error: locator.click: Test ended.
    Call log:
      - waiting for getByRole('navigation', { name: 'Primary navigation' }).getByRole('button', { name: 'Conversation review', exact: true })


      35 |     await openActions(detail);await detail.getByRole('button',{name:'Move to testing'}).click();await expect(detail.getByText('TESTING · VERSION 1')).toBeVisible()
      36 |     await openActions(detail);await detail.getByRole('button',{name:'TEST FORM',exact:true}).click();await expect(page.locator('#form-test')).toBeInViewport();await page.getByLabel('Conversations',{exact:true}).fill('1');await page.locator('#form-test').getByRole('button',{name:'Test form',exact:true}).click();await expect(page.getByText('0 completed · 0 failed',{exact:true})).toBeVisible();expect(tests).toBe(1)
    > 37 |     await nav.getByRole('button',{name:'Conversation review',exact:true}).click();await expect(page.getByLabel('Manual form selection').locator('option').filter({hasText:'Customer Service - AI Scoring'})).toHaveCount(0);await expect(page.getByRole('button',{name:'Test a draft/testing form'})).toBeVisible()
         |                                                                           ^
      38 |     await nav.getByRole('button',{name:'Policies',exact:true}).click();await page.getByRole('button',{name:'＋ New policy',exact:true}).click();await expect(page.getByRole('checkbox',{name:/Customer Service - AI Scoring/})).toHaveCount(0)
      39 |     page.once('dialog',d=>d.accept());await nav.getByRole('button',{name:'Evaluation Forms',exact:true}).click();await selectRecreated()
      40 |     const richQuestions=()=>detail.locator('.question-main > .question-titles, .question-main > p, .question-rubric').allTextContents()
        at /Users/simonridd/.codex/worktrees/aqm-v019-final-whole-product-review/Genesys-aqm/tests/form-publication.spec.ts:37:75

    Error Context: docs/v019-final-whole-product-review-evidence/existing-regression-artifacts/form-publication-provider--7d9d5-uthoritative-reload-at-1920/error-context.md

    attachment #2: trace (application/zip) ─────────────────────────────────────────────────────────
    docs/v019-final-whole-product-review-evidence/existing-regression-artifacts/form-publication-provider--7d9d5-uthoritative-reload-at-1920/trace.zip
    Usage:

        npx playwright show-trace docs/v019-final-whole-product-review-evidence/existing-regression-artifacts/form-publication-provider--7d9d5-uthoritative-reload-at-1920/trace.zip

    ────────────────────────────────────────────────────────────────────────────────────────────────


(node:6839) Warning: The 'NO_COLOR' env is ignored due to the 'FORCE_COLOR' env being set.
(Use `node --trace-warnings ...` to show where the warning was created)


[100/290] tests/form-publication.spec.ts:11:3 › provider-free recreated form publication and authoritative reload at 390
  24) tests/form-publication.spec.ts:11:3 › provider-free recreated form publication and authoritative reload at 390 

    Test timeout of 30000ms exceeded.

    Error: locator.click: Test ended.
    Call log:
      - waiting for getByRole('navigation', { name: 'Primary navigation' }).getByRole('button', { name: 'Conversation review', exact: true })


      35 |     await openActions(detail);await detail.getByRole('button',{name:'Move to testing'}).click();await expect(detail.getByText('TESTING · VERSION 1')).toBeVisible()
      36 |     await openActions(detail);await detail.getByRole('button',{name:'TEST FORM',exact:true}).click();await expect(page.locator('#form-test')).toBeInViewport();await page.getByLabel('Conversations',{exact:true}).fill('1');await page.locator('#form-test').getByRole('button',{name:'Test form',exact:true}).click();await expect(page.getByText('0 completed · 0 failed',{exact:true})).toBeVisible();expect(tests).toBe(1)
    > 37 |     await nav.getByRole('button',{name:'Conversation review',exact:true}).click();await expect(page.getByLabel('Manual form selection').locator('option').filter({hasText:'Customer Service - AI Scoring'})).toHaveCount(0);await expect(page.getByRole('button',{name:'Test a draft/testing form'})).toBeVisible()
         |                                                                           ^
      38 |     await nav.getByRole('button',{name:'Policies',exact:true}).click();await page.getByRole('button',{name:'＋ New policy',exact:true}).click();await expect(page.getByRole('checkbox',{name:/Customer Service - AI Scoring/})).toHaveCount(0)
      39 |     page.once('dialog',d=>d.accept());await nav.getByRole('button',{name:'Evaluation Forms',exact:true}).click();await selectRecreated()
      40 |     const richQuestions=()=>detail.locator('.question-main > .question-titles, .question-main > p, .question-rubric').allTextContents()
        at /Users/simonridd/.codex/worktrees/aqm-v019-final-whole-product-review/Genesys-aqm/tests/form-publication.spec.ts:37:75

    Error Context: docs/v019-final-whole-product-review-evidence/existing-regression-artifacts/form-publication-provider--5bd93-authoritative-reload-at-390/error-context.md

    attachment #2: trace (application/zip) ─────────────────────────────────────────────────────────
    docs/v019-final-whole-product-review-evidence/existing-regression-artifacts/form-publication-provider--5bd93-authoritative-reload-at-390/trace.zip
    Usage:

        npx playwright show-trace docs/v019-final-whole-product-review-evidence/existing-regression-artifacts/form-publication-provider--5bd93-authoritative-reload-at-390/trace.zip

    ────────────────────────────────────────────────────────────────────────────────────────────────


(node:6861) Warning: The 'NO_COLOR' env is ignored due to the 'FORCE_COLOR' env being set.
(Use `node --trace-warnings ...` to show where the warning was created)


[101/290] tests/governance.spec.ts:7:164 › ADMIN governance at 1440
  25) tests/governance.spec.ts:7:164 › ADMIN governance at 1440 ────────────────────────────────────

    Test timeout of 30000ms exceeded.

    Error: locator.click: Test ended.
    Call log:
      - waiting for getByRole('navigation', { name: 'Primary navigation' }).getByRole('button', { name: 'Evaluation Forms', exact: true })


      49 |  }
      50 |  await page.screenshot({path:`/private/tmp/aqm-v011-${role}-settings-${viewport.width}.png`,fullPage:true})
    > 51 |  await nav.getByRole('button',{name:'Evaluation Forms',exact:true}).click();await page.getByRole('row').filter({hasText:form.name}).click()
         |                                                                     ^
      52 |  const detail=page.locator('.form-detail')
      53 |  if(role==='ADMIN'||role==='AUTHOR'){
      54 |   await expect(detail.getByLabel('Form name',{exact:true})).toBeEditable();await expect(page.getByRole('button',{name:'＋ New form',exact:true})).toBeVisible();await detail.getByRole('button',{name:'View history'}).click();await expect(detail.getByText('Recorded changes for this version')).toBeVisible()
        at /Users/simonridd/.codex/worktrees/aqm-v019-final-whole-product-review/Genesys-aqm/tests/governance.spec.ts:51:69

    Error Context: docs/v019-final-whole-product-review-evidence/existing-regression-artifacts/governance-ADMIN-governance-at-1440/error-context.md

    attachment #2: trace (application/zip) ─────────────────────────────────────────────────────────
    docs/v019-final-whole-product-review-evidence/existing-regression-artifacts/governance-ADMIN-governance-at-1440/trace.zip
    Usage:

        npx playwright show-trace docs/v019-final-whole-product-review-evidence/existing-regression-artifacts/governance-ADMIN-governance-at-1440/trace.zip

    ────────────────────────────────────────────────────────────────────────────────────────────────


(node:6882) Warning: The 'NO_COLOR' env is ignored due to the 'FORCE_COLOR' env being set.
(Use `node --trace-warnings ...` to show where the warning was created)


[102/290] tests/governance.spec.ts:7:164 › AUTHOR governance at 1440
  26) tests/governance.spec.ts:7:164 › AUTHOR governance at 1440 ───────────────────────────────────

    Test timeout of 30000ms exceeded.

    Error: locator.click: Test ended.
    Call log:
      - waiting for getByRole('navigation', { name: 'Primary navigation' }).getByRole('button', { name: 'Evaluations', exact: true })


      58 |  }
      59 |  await detail.screenshot({path:`/private/tmp/aqm-v011-${role}-form-${viewport.width}.png`})
    > 60 |  await nav.getByRole('button',{name:'Evaluations',exact:true}).click();await page.getByRole('button',{name:`Open evaluation ${record.id}`}).click()
         |                                                                ^
      61 |  const reviewPanel=page.getByRole('region',{name:'Human review',exact:true})
      62 |  if(role==='ADMIN'||role==='REVIEWER'){
      63 |   await reviewPanel.getByRole('button',{name:'Review evaluation',exact:true}).click();await expect(reviewPanel.getByRole('button',{name:'Save progress'})).toBeVisible();await reviewPanel.getByRole('button',{name:'Save progress'}).click();await expect(reviewPanel.getByText('Review progress saved.')).toBeVisible();expect(review?.status).toBe('IN_REVIEW')
        at /Users/simonridd/.codex/worktrees/aqm-v019-final-whole-product-review/Genesys-aqm/tests/governance.spec.ts:60:64

    Error Context: docs/v019-final-whole-product-review-evidence/existing-regression-artifacts/governance-AUTHOR-governance-at-1440/error-context.md

    attachment #2: trace (application/zip) ─────────────────────────────────────────────────────────
    docs/v019-final-whole-product-review-evidence/existing-regression-artifacts/governance-AUTHOR-governance-at-1440/trace.zip
    Usage:

        npx playwright show-trace docs/v019-final-whole-product-review-evidence/existing-regression-artifacts/governance-AUTHOR-governance-at-1440/trace.zip

    ────────────────────────────────────────────────────────────────────────────────────────────────


(node:6972) Warning: The 'NO_COLOR' env is ignored due to the 'FORCE_COLOR' env being set.
(Use `node --trace-warnings ...` to show where the warning was created)


[103/290] tests/governance.spec.ts:7:164 › REVIEWER governance at 1440
  27) tests/governance.spec.ts:7:164 › REVIEWER governance at 1440 ─────────────────────────────────

    Test timeout of 30000ms exceeded.

    Error: locator.click: Test ended.
    Call log:
      - waiting for getByRole('navigation', { name: 'Primary navigation' }).getByRole('button', { name: 'Evaluation Forms', exact: true })


      49 |  }
      50 |  await page.screenshot({path:`/private/tmp/aqm-v011-${role}-settings-${viewport.width}.png`,fullPage:true})
    > 51 |  await nav.getByRole('button',{name:'Evaluation Forms',exact:true}).click();await page.getByRole('row').filter({hasText:form.name}).click()
         |                                                                     ^
      52 |  const detail=page.locator('.form-detail')
      53 |  if(role==='ADMIN'||role==='AUTHOR'){
      54 |   await expect(detail.getByLabel('Form name',{exact:true})).toBeEditable();await expect(page.getByRole('button',{name:'＋ New form',exact:true})).toBeVisible();await detail.getByRole('button',{name:'View history'}).click();await expect(detail.getByText('Recorded changes for this version')).toBeVisible()
        at /Users/simonridd/.codex/worktrees/aqm-v019-final-whole-product-review/Genesys-aqm/tests/governance.spec.ts:51:69

    Error Context: docs/v019-final-whole-product-review-evidence/existing-regression-artifacts/governance-REVIEWER-governance-at-1440/error-context.md

    attachment #2: trace (application/zip) ─────────────────────────────────────────────────────────
    docs/v019-final-whole-product-review-evidence/existing-regression-artifacts/governance-REVIEWER-governance-at-1440/trace.zip
    Usage:

        npx playwright show-trace docs/v019-final-whole-product-review-evidence/existing-regression-artifacts/governance-REVIEWER-governance-at-1440/trace.zip

    ────────────────────────────────────────────────────────────────────────────────────────────────


(node:7023) Warning: The 'NO_COLOR' env is ignored due to the 'FORCE_COLOR' env being set.
(Use `node --trace-warnings ...` to show where the warning was created)


[104/290] tests/governance.spec.ts:7:164 › VIEWER governance at 1440
  28) tests/governance.spec.ts:7:164 › VIEWER governance at 1440 ───────────────────────────────────

    Test timeout of 30000ms exceeded.

    Error: locator.click: Test ended.
    Call log:
      - waiting for getByRole('navigation', { name: 'Primary navigation' }).getByRole('button', { name: 'Evaluation Forms', exact: true })


      49 |  }
      50 |  await page.screenshot({path:`/private/tmp/aqm-v011-${role}-settings-${viewport.width}.png`,fullPage:true})
    > 51 |  await nav.getByRole('button',{name:'Evaluation Forms',exact:true}).click();await page.getByRole('row').filter({hasText:form.name}).click()
         |                                                                     ^
      52 |  const detail=page.locator('.form-detail')
      53 |  if(role==='ADMIN'||role==='AUTHOR'){
      54 |   await expect(detail.getByLabel('Form name',{exact:true})).toBeEditable();await expect(page.getByRole('button',{name:'＋ New form',exact:true})).toBeVisible();await detail.getByRole('button',{name:'View history'}).click();await expect(detail.getByText('Recorded changes for this version')).toBeVisible()
        at /Users/simonridd/.codex/worktrees/aqm-v019-final-whole-product-review/Genesys-aqm/tests/governance.spec.ts:51:69

    Error Context: docs/v019-final-whole-product-review-evidence/existing-regression-artifacts/governance-VIEWER-governance-at-1440/error-context.md

    attachment #2: trace (application/zip) ─────────────────────────────────────────────────────────
    docs/v019-final-whole-product-review-evidence/existing-regression-artifacts/governance-VIEWER-governance-at-1440/trace.zip
    Usage:

        npx playwright show-trace docs/v019-final-whole-product-review-evidence/existing-regression-artifacts/governance-VIEWER-governance-at-1440/trace.zip

    ────────────────────────────────────────────────────────────────────────────────────────────────


(node:7057) Warning: The 'NO_COLOR' env is ignored due to the 'FORCE_COLOR' env being set.
(Use `node --trace-warnings ...` to show where the warning was created)


[105/290] tests/governance.spec.ts:7:164 › ADMIN governance at 1920
  29) tests/governance.spec.ts:7:164 › ADMIN governance at 1920 ────────────────────────────────────

    Test timeout of 30000ms exceeded.

    Error: locator.click: Test ended.
    Call log:
      - waiting for getByRole('navigation', { name: 'Primary navigation' }).getByRole('button', { name: 'Evaluation Forms', exact: true })


      49 |  }
      50 |  await page.screenshot({path:`/private/tmp/aqm-v011-${role}-settings-${viewport.width}.png`,fullPage:true})
    > 51 |  await nav.getByRole('button',{name:'Evaluation Forms',exact:true}).click();await page.getByRole('row').filter({hasText:form.name}).click()
         |                                                                     ^
      52 |  const detail=page.locator('.form-detail')
      53 |  if(role==='ADMIN'||role==='AUTHOR'){
      54 |   await expect(detail.getByLabel('Form name',{exact:true})).toBeEditable();await expect(page.getByRole('button',{name:'＋ New form',exact:true})).toBeVisible();await detail.getByRole('button',{name:'View history'}).click();await expect(detail.getByText('Recorded changes for this version')).toBeVisible()
        at /Users/simonridd/.codex/worktrees/aqm-v019-final-whole-product-review/Genesys-aqm/tests/governance.spec.ts:51:69

    Error Context: docs/v019-final-whole-product-review-evidence/existing-regression-artifacts/governance-ADMIN-governance-at-1920/error-context.md

    attachment #2: trace (application/zip) ─────────────────────────────────────────────────────────
    docs/v019-final-whole-product-review-evidence/existing-regression-artifacts/governance-ADMIN-governance-at-1920/trace.zip
    Usage:

        npx playwright show-trace docs/v019-final-whole-product-review-evidence/existing-regression-artifacts/governance-ADMIN-governance-at-1920/trace.zip

    ────────────────────────────────────────────────────────────────────────────────────────────────


(node:7092) Warning: The 'NO_COLOR' env is ignored due to the 'FORCE_COLOR' env being set.
(Use `node --trace-warnings ...` to show where the warning was created)


[106/290] tests/governance.spec.ts:7:164 › AUTHOR governance at 1920
  30) tests/governance.spec.ts:7:164 › AUTHOR governance at 1920 ───────────────────────────────────

    Test timeout of 30000ms exceeded.

    Error: locator.click: Test ended.
    Call log:
      - waiting for getByRole('navigation', { name: 'Primary navigation' }).getByRole('button', { name: 'Evaluations', exact: true })


      58 |  }
      59 |  await detail.screenshot({path:`/private/tmp/aqm-v011-${role}-form-${viewport.width}.png`})
    > 60 |  await nav.getByRole('button',{name:'Evaluations',exact:true}).click();await page.getByRole('button',{name:`Open evaluation ${record.id}`}).click()
         |                                                                ^
      61 |  const reviewPanel=page.getByRole('region',{name:'Human review',exact:true})
      62 |  if(role==='ADMIN'||role==='REVIEWER'){
      63 |   await reviewPanel.getByRole('button',{name:'Review evaluation',exact:true}).click();await expect(reviewPanel.getByRole('button',{name:'Save progress'})).toBeVisible();await reviewPanel.getByRole('button',{name:'Save progress'}).click();await expect(reviewPanel.getByText('Review progress saved.')).toBeVisible();expect(review?.status).toBe('IN_REVIEW')
        at /Users/simonridd/.codex/worktrees/aqm-v019-final-whole-product-review/Genesys-aqm/tests/governance.spec.ts:60:64

    Error Context: docs/v019-final-whole-product-review-evidence/existing-regression-artifacts/governance-AUTHOR-governance-at-1920/error-context.md

    attachment #2: trace (application/zip) ─────────────────────────────────────────────────────────
    docs/v019-final-whole-product-review-evidence/existing-regression-artifacts/governance-AUTHOR-governance-at-1920/trace.zip
    Usage:

        npx playwright show-trace docs/v019-final-whole-product-review-evidence/existing-regression-artifacts/governance-AUTHOR-governance-at-1920/trace.zip

    ────────────────────────────────────────────────────────────────────────────────────────────────


(node:7141) Warning: The 'NO_COLOR' env is ignored due to the 'FORCE_COLOR' env being set.
(Use `node --trace-warnings ...` to show where the warning was created)


[107/290] tests/governance.spec.ts:7:164 › REVIEWER governance at 1920
  31) tests/governance.spec.ts:7:164 › REVIEWER governance at 1920 ─────────────────────────────────

    Test timeout of 30000ms exceeded.

    Error: locator.click: Test ended.
    Call log:
      - waiting for getByRole('navigation', { name: 'Primary navigation' }).getByRole('button', { name: 'Evaluation Forms', exact: true })


      49 |  }
      50 |  await page.screenshot({path:`/private/tmp/aqm-v011-${role}-settings-${viewport.width}.png`,fullPage:true})
    > 51 |  await nav.getByRole('button',{name:'Evaluation Forms',exact:true}).click();await page.getByRole('row').filter({hasText:form.name}).click()
         |                                                                     ^
      52 |  const detail=page.locator('.form-detail')
      53 |  if(role==='ADMIN'||role==='AUTHOR'){
      54 |   await expect(detail.getByLabel('Form name',{exact:true})).toBeEditable();await expect(page.getByRole('button',{name:'＋ New form',exact:true})).toBeVisible();await detail.getByRole('button',{name:'View history'}).click();await expect(detail.getByText('Recorded changes for this version')).toBeVisible()
        at /Users/simonridd/.codex/worktrees/aqm-v019-final-whole-product-review/Genesys-aqm/tests/governance.spec.ts:51:69

    Error Context: docs/v019-final-whole-product-review-evidence/existing-regression-artifacts/governance-REVIEWER-governance-at-1920/error-context.md

    attachment #2: trace (application/zip) ─────────────────────────────────────────────────────────
    docs/v019-final-whole-product-review-evidence/existing-regression-artifacts/governance-REVIEWER-governance-at-1920/trace.zip
    Usage:

        npx playwright show-trace docs/v019-final-whole-product-review-evidence/existing-regression-artifacts/governance-REVIEWER-governance-at-1920/trace.zip

    ────────────────────────────────────────────────────────────────────────────────────────────────


(node:7160) Warning: The 'NO_COLOR' env is ignored due to the 'FORCE_COLOR' env being set.
(Use `node --trace-warnings ...` to show where the warning was created)


[108/290] tests/governance.spec.ts:7:164 › VIEWER governance at 1920
  32) tests/governance.spec.ts:7:164 › VIEWER governance at 1920 ───────────────────────────────────

    Test timeout of 30000ms exceeded.

    Error: locator.click: Test ended.
    Call log:
      - waiting for getByRole('navigation', { name: 'Primary navigation' }).getByRole('button', { name: 'Evaluation Forms', exact: true })


      49 |  }
      50 |  await page.screenshot({path:`/private/tmp/aqm-v011-${role}-settings-${viewport.width}.png`,fullPage:true})
    > 51 |  await nav.getByRole('button',{name:'Evaluation Forms',exact:true}).click();await page.getByRole('row').filter({hasText:form.name}).click()
         |                                                                     ^
      52 |  const detail=page.locator('.form-detail')
      53 |  if(role==='ADMIN'||role==='AUTHOR'){
      54 |   await expect(detail.getByLabel('Form name',{exact:true})).toBeEditable();await expect(page.getByRole('button',{name:'＋ New form',exact:true})).toBeVisible();await detail.getByRole('button',{name:'View history'}).click();await expect(detail.getByText('Recorded changes for this version')).toBeVisible()
        at /Users/simonridd/.codex/worktrees/aqm-v019-final-whole-product-review/Genesys-aqm/tests/governance.spec.ts:51:69

    Error Context: docs/v019-final-whole-product-review-evidence/existing-regression-artifacts/governance-VIEWER-governance-at-1920/error-context.md

    attachment #2: trace (application/zip) ─────────────────────────────────────────────────────────
    docs/v019-final-whole-product-review-evidence/existing-regression-artifacts/governance-VIEWER-governance-at-1920/trace.zip
    Usage:

        npx playwright show-trace docs/v019-final-whole-product-review-evidence/existing-regression-artifacts/governance-VIEWER-governance-at-1920/trace.zip

    ────────────────────────────────────────────────────────────────────────────────────────────────


(node:7221) Warning: The 'NO_COLOR' env is ignored due to the 'FORCE_COLOR' env being set.
(Use `node --trace-warnings ...` to show where the warning was created)


[109/290] tests/governance.spec.ts:7:164 › ADMIN governance at 390
  33) tests/governance.spec.ts:7:164 › ADMIN governance at 390 ─────────────────────────────────────

    Test timeout of 30000ms exceeded.

    Error: locator.click: Test ended.
    Call log:
      - waiting for getByRole('navigation', { name: 'Primary navigation' }).getByRole('button', { name: 'Evaluation Forms', exact: true })


      49 |  }
      50 |  await page.screenshot({path:`/private/tmp/aqm-v011-${role}-settings-${viewport.width}.png`,fullPage:true})
    > 51 |  await nav.getByRole('button',{name:'Evaluation Forms',exact:true}).click();await page.getByRole('row').filter({hasText:form.name}).click()
         |                                                                     ^
      52 |  const detail=page.locator('.form-detail')
      53 |  if(role==='ADMIN'||role==='AUTHOR'){
      54 |   await expect(detail.getByLabel('Form name',{exact:true})).toBeEditable();await expect(page.getByRole('button',{name:'＋ New form',exact:true})).toBeVisible();await detail.getByRole('button',{name:'View history'}).click();await expect(detail.getByText('Recorded changes for this version')).toBeVisible()
        at /Users/simonridd/.codex/worktrees/aqm-v019-final-whole-product-review/Genesys-aqm/tests/governance.spec.ts:51:69

    Error Context: docs/v019-final-whole-product-review-evidence/existing-regression-artifacts/governance-ADMIN-governance-at-390/error-context.md

    attachment #2: trace (application/zip) ─────────────────────────────────────────────────────────
    docs/v019-final-whole-product-review-evidence/existing-regression-artifacts/governance-ADMIN-governance-at-390/trace.zip
    Usage:

        npx playwright show-trace docs/v019-final-whole-product-review-evidence/existing-regression-artifacts/governance-ADMIN-governance-at-390/trace.zip

    ────────────────────────────────────────────────────────────────────────────────────────────────


(node:7264) Warning: The 'NO_COLOR' env is ignored due to the 'FORCE_COLOR' env being set.
(Use `node --trace-warnings ...` to show where the warning was created)


[110/290] tests/governance.spec.ts:7:164 › AUTHOR governance at 390
  34) tests/governance.spec.ts:7:164 › AUTHOR governance at 390 ────────────────────────────────────

    Test timeout of 30000ms exceeded.

    Error: locator.click: Test ended.
    Call log:
      - waiting for getByRole('navigation', { name: 'Primary navigation' }).getByRole('button', { name: 'Evaluations', exact: true })


      58 |  }
      59 |  await detail.screenshot({path:`/private/tmp/aqm-v011-${role}-form-${viewport.width}.png`})
    > 60 |  await nav.getByRole('button',{name:'Evaluations',exact:true}).click();await page.getByRole('button',{name:`Open evaluation ${record.id}`}).click()
         |                                                                ^
      61 |  const reviewPanel=page.getByRole('region',{name:'Human review',exact:true})
      62 |  if(role==='ADMIN'||role==='REVIEWER'){
      63 |   await reviewPanel.getByRole('button',{name:'Review evaluation',exact:true}).click();await expect(reviewPanel.getByRole('button',{name:'Save progress'})).toBeVisible();await reviewPanel.getByRole('button',{name:'Save progress'}).click();await expect(reviewPanel.getByText('Review progress saved.')).toBeVisible();expect(review?.status).toBe('IN_REVIEW')
        at /Users/simonridd/.codex/worktrees/aqm-v019-final-whole-product-review/Genesys-aqm/tests/governance.spec.ts:60:64

    Error Context: docs/v019-final-whole-product-review-evidence/existing-regression-artifacts/governance-AUTHOR-governance-at-390/error-context.md

    attachment #2: trace (application/zip) ─────────────────────────────────────────────────────────
    docs/v019-final-whole-product-review-evidence/existing-regression-artifacts/governance-AUTHOR-governance-at-390/trace.zip
    Usage:

        npx playwright show-trace docs/v019-final-whole-product-review-evidence/existing-regression-artifacts/governance-AUTHOR-governance-at-390/trace.zip

    ────────────────────────────────────────────────────────────────────────────────────────────────


(node:7287) Warning: The 'NO_COLOR' env is ignored due to the 'FORCE_COLOR' env being set.
(Use `node --trace-warnings ...` to show where the warning was created)


[111/290] tests/governance.spec.ts:7:164 › REVIEWER governance at 390
  35) tests/governance.spec.ts:7:164 › REVIEWER governance at 390 ──────────────────────────────────

    Test timeout of 30000ms exceeded.

    Error: locator.click: Test ended.
    Call log:
      - waiting for getByRole('navigation', { name: 'Primary navigation' }).getByRole('button', { name: 'Evaluation Forms', exact: true })


      49 |  }
      50 |  await page.screenshot({path:`/private/tmp/aqm-v011-${role}-settings-${viewport.width}.png`,fullPage:true})
    > 51 |  await nav.getByRole('button',{name:'Evaluation Forms',exact:true}).click();await page.getByRole('row').filter({hasText:form.name}).click()
         |                                                                     ^
      52 |  const detail=page.locator('.form-detail')
      53 |  if(role==='ADMIN'||role==='AUTHOR'){
      54 |   await expect(detail.getByLabel('Form name',{exact:true})).toBeEditable();await expect(page.getByRole('button',{name:'＋ New form',exact:true})).toBeVisible();await detail.getByRole('button',{name:'View history'}).click();await expect(detail.getByText('Recorded changes for this version')).toBeVisible()
        at /Users/simonridd/.codex/worktrees/aqm-v019-final-whole-product-review/Genesys-aqm/tests/governance.spec.ts:51:69

    Error Context: docs/v019-final-whole-product-review-evidence/existing-regression-artifacts/governance-REVIEWER-governance-at-390/error-context.md

    attachment #2: trace (application/zip) ─────────────────────────────────────────────────────────
    docs/v019-final-whole-product-review-evidence/existing-regression-artifacts/governance-REVIEWER-governance-at-390/trace.zip
    Usage:

        npx playwright show-trace docs/v019-final-whole-product-review-evidence/existing-regression-artifacts/governance-REVIEWER-governance-at-390/trace.zip

    ────────────────────────────────────────────────────────────────────────────────────────────────


(node:7395) Warning: The 'NO_COLOR' env is ignored due to the 'FORCE_COLOR' env being set.
(Use `node --trace-warnings ...` to show where the warning was created)


[112/290] tests/governance.spec.ts:7:164 › VIEWER governance at 390
  36) tests/governance.spec.ts:7:164 › VIEWER governance at 390 ────────────────────────────────────

    Test timeout of 30000ms exceeded.

    Error: locator.click: Test ended.
    Call log:
      - waiting for getByRole('navigation', { name: 'Primary navigation' }).getByRole('button', { name: 'Evaluation Forms', exact: true })


      49 |  }
      50 |  await page.screenshot({path:`/private/tmp/aqm-v011-${role}-settings-${viewport.width}.png`,fullPage:true})
    > 51 |  await nav.getByRole('button',{name:'Evaluation Forms',exact:true}).click();await page.getByRole('row').filter({hasText:form.name}).click()
         |                                                                     ^
      52 |  const detail=page.locator('.form-detail')
      53 |  if(role==='ADMIN'||role==='AUTHOR'){
      54 |   await expect(detail.getByLabel('Form name',{exact:true})).toBeEditable();await expect(page.getByRole('button',{name:'＋ New form',exact:true})).toBeVisible();await detail.getByRole('button',{name:'View history'}).click();await expect(detail.getByText('Recorded changes for this version')).toBeVisible()
        at /Users/simonridd/.codex/worktrees/aqm-v019-final-whole-product-review/Genesys-aqm/tests/governance.spec.ts:51:69

    Error Context: docs/v019-final-whole-product-review-evidence/existing-regression-artifacts/governance-VIEWER-governance-at-390/error-context.md

    attachment #2: trace (application/zip) ─────────────────────────────────────────────────────────
    docs/v019-final-whole-product-review-evidence/existing-regression-artifacts/governance-VIEWER-governance-at-390/trace.zip
    Usage:

        npx playwright show-trace docs/v019-final-whole-product-review-evidence/existing-regression-artifacts/governance-VIEWER-governance-at-390/trace.zip

    ────────────────────────────────────────────────────────────────────────────────────────────────


(node:7505) Warning: The 'NO_COLOR' env is ignored due to the 'FORCE_COLOR' env being set.
(Use `node --trace-warnings ...` to show where the warning was created)


[113/290] tests/group-scoring-alerts.spec.ts:14:97 › group authoring, review and alert lifecycle at 1440
  37) tests/group-scoring-alerts.spec.ts:14:97 › group authoring, review and alert lifecycle at 1440 

    Test timeout of 90000ms exceeded.

    Error: locator.check: Test ended.
    Call log:
      - waiting for locator('.form-detail').getByRole('radio', { name: 'Group weighted', exact: true })


      46 |  const nav=page.getByRole('navigation',{name:'Primary navigation'}),detail=page.locator('.form-detail')
      47 |  await expect(page.getByRole('heading',{name:'Evaluation Forms',exact:true})).toBeVisible();await page.getByRole('row').filter({hasText:'Weighted care'}).click()
    > 48 |  await detail.getByRole('radio',{name:'Group weighted',exact:true}).check()
         |                                                                     ^
      49 |  const opening=page.getByRole('region',{name:'Group: Opening',exact:true}),compliance=page.getByRole('region',{name:'Group: Compliance',exact:true})
      50 |  for(const [g,weight] of [[opening,'40'],[compliance,'10']] as const){await g.getByLabel('Use group scoring settings').check();await g.getByLabel('Group weight',{exact:true}).fill(weight)}
      51 |  await compliance.getByLabel('Minimum group score (%)',{exact:true}).fill('90');await compliance.getByLabel('Critical group',{exact:true}).check()
        at /Users/simonridd/.codex/worktrees/aqm-v019-final-whole-product-review/Genesys-aqm/tests/group-scoring-alerts.spec.ts:48:69

    Error Context: docs/v019-final-whole-product-review-evidence/existing-regression-artifacts/group-scoring-alerts-group-a9649-and-alert-lifecycle-at-1440/error-context.md

    attachment #2: trace (application/zip) ─────────────────────────────────────────────────────────
    docs/v019-final-whole-product-review-evidence/existing-regression-artifacts/group-scoring-alerts-group-a9649-and-alert-lifecycle-at-1440/trace.zip
    Usage:

        npx playwright show-trace docs/v019-final-whole-product-review-evidence/existing-regression-artifacts/group-scoring-alerts-group-a9649-and-alert-lifecycle-at-1440/trace.zip

    ────────────────────────────────────────────────────────────────────────────────────────────────


(node:7791) Warning: The 'NO_COLOR' env is ignored due to the 'FORCE_COLOR' env being set.
(Use `node --trace-warnings ...` to show where the warning was created)


[114/290] tests/group-scoring-alerts.spec.ts:14:97 › group authoring, review and alert lifecycle at 1920
  38) tests/group-scoring-alerts.spec.ts:14:97 › group authoring, review and alert lifecycle at 1920 

    Test timeout of 90000ms exceeded.

    Error: locator.check: Test ended.
    Call log:
      - waiting for locator('.form-detail').getByRole('radio', { name: 'Group weighted', exact: true })


      46 |  const nav=page.getByRole('navigation',{name:'Primary navigation'}),detail=page.locator('.form-detail')
      47 |  await expect(page.getByRole('heading',{name:'Evaluation Forms',exact:true})).toBeVisible();await page.getByRole('row').filter({hasText:'Weighted care'}).click()
    > 48 |  await detail.getByRole('radio',{name:'Group weighted',exact:true}).check()
         |                                                                     ^
      49 |  const opening=page.getByRole('region',{name:'Group: Opening',exact:true}),compliance=page.getByRole('region',{name:'Group: Compliance',exact:true})
      50 |  for(const [g,weight] of [[opening,'40'],[compliance,'10']] as const){await g.getByLabel('Use group scoring settings').check();await g.getByLabel('Group weight',{exact:true}).fill(weight)}
      51 |  await compliance.getByLabel('Minimum group score (%)',{exact:true}).fill('90');await compliance.getByLabel('Critical group',{exact:true}).check()
        at /Users/simonridd/.codex/worktrees/aqm-v019-final-whole-product-review/Genesys-aqm/tests/group-scoring-alerts.spec.ts:48:69

    Error Context: docs/v019-final-whole-product-review-evidence/existing-regression-artifacts/group-scoring-alerts-group-64a15-and-alert-lifecycle-at-1920/error-context.md

    attachment #2: trace (application/zip) ─────────────────────────────────────────────────────────
    docs/v019-final-whole-product-review-evidence/existing-regression-artifacts/group-scoring-alerts-group-64a15-and-alert-lifecycle-at-1920/trace.zip
    Usage:

        npx playwright show-trace docs/v019-final-whole-product-review-evidence/existing-regression-artifacts/group-scoring-alerts-group-64a15-and-alert-lifecycle-at-1920/trace.zip

    ────────────────────────────────────────────────────────────────────────────────────────────────


(node:7866) Warning: The 'NO_COLOR' env is ignored due to the 'FORCE_COLOR' env being set.
(Use `node --trace-warnings ...` to show where the warning was created)


[115/290] tests/group-scoring-alerts.spec.ts:14:97 › group authoring, review and alert lifecycle at 390
  39) tests/group-scoring-alerts.spec.ts:14:97 › group authoring, review and alert lifecycle at 390 

    Test timeout of 90000ms exceeded.

    Error: locator.check: Test ended.
    Call log:
      - waiting for locator('.form-detail').getByRole('radio', { name: 'Group weighted', exact: true })


      46 |  const nav=page.getByRole('navigation',{name:'Primary navigation'}),detail=page.locator('.form-detail')
      47 |  await expect(page.getByRole('heading',{name:'Evaluation Forms',exact:true})).toBeVisible();await page.getByRole('row').filter({hasText:'Weighted care'}).click()
    > 48 |  await detail.getByRole('radio',{name:'Group weighted',exact:true}).check()
         |                                                                     ^
      49 |  const opening=page.getByRole('region',{name:'Group: Opening',exact:true}),compliance=page.getByRole('region',{name:'Group: Compliance',exact:true})
      50 |  for(const [g,weight] of [[opening,'40'],[compliance,'10']] as const){await g.getByLabel('Use group scoring settings').check();await g.getByLabel('Group weight',{exact:true}).fill(weight)}
      51 |  await compliance.getByLabel('Minimum group score (%)',{exact:true}).fill('90');await compliance.getByLabel('Critical group',{exact:true}).check()
        at /Users/simonridd/.codex/worktrees/aqm-v019-final-whole-product-review/Genesys-aqm/tests/group-scoring-alerts.spec.ts:48:69

    Error Context: docs/v019-final-whole-product-review-evidence/existing-regression-artifacts/group-scoring-alerts-group-f7b8d--and-alert-lifecycle-at-390/error-context.md

    attachment #2: trace (application/zip) ─────────────────────────────────────────────────────────
    docs/v019-final-whole-product-review-evidence/existing-regression-artifacts/group-scoring-alerts-group-f7b8d--and-alert-lifecycle-at-390/trace.zip
    Usage:

        npx playwright show-trace docs/v019-final-whole-product-review-evidence/existing-regression-artifacts/group-scoring-alerts-group-f7b8d--and-alert-lifecycle-at-390/trace.zip

    ────────────────────────────────────────────────────────────────────────────────────────────────


(node:7993) Warning: The 'NO_COLOR' env is ignored due to the 'FORCE_COLOR' env being set.
(Use `node --trace-warnings ...` to show where the warning was created)


[116/290] tests/investigation-links.spec.ts:56:2 › Analytics investigation, scope edits, clear, return and URL reload at 1440
[117/290] tests/investigation-links.spec.ts:77:2 › Overview review counts, workload shortcuts and detail at 1440
[118/290] tests/investigation-links.spec.ts:91:2 › Calibration disagreement drill clears stale cohort at 1440
[119/290] tests/investigation-links.spec.ts:56:2 › Analytics investigation, scope edits, clear, return and URL reload at 1920
[120/290] tests/investigation-links.spec.ts:77:2 › Overview review counts, workload shortcuts and detail at 1920
[121/290] tests/investigation-links.spec.ts:91:2 › Calibration disagreement drill clears stale cohort at 1920
[122/290] tests/investigation-links.spec.ts:56:2 › Analytics investigation, scope edits, clear, return and URL reload at 390
[123/290] tests/investigation-links.spec.ts:77:2 › Overview review counts, workload shortcuts and detail at 390
[124/290] tests/investigation-links.spec.ts:91:2 › Calibration disagreement drill clears stale cohort at 390
[125/290] tests/messaging.spec.ts:7:97 › messaging search, normalized relay, content cache and refresh at 1440
  40) tests/messaging.spec.ts:7:97 › messaging search, normalized relay, content cache and refresh at 1440 

    Error: expect(locator).toBeVisible() failed

    Locator: getByText(/0 cached searches · 0 cached transcripts/)
    Expected: visible
    Timeout: 5000ms
    Error: element(s) not found

    Call log:
      - Expect "toBeVisible" getByText(/0 cached searches · 0 cached transcripts/) with timeout 5000ms
      - waiting for getByText(/0 cached searches · 0 cached transcripts/)


      21 |  expect(JSON.stringify(entries)).toContain('I will connect you.');expect(JSON.stringify(entries)).not.toMatch(/fixture-token|mediaUri|signed|EML|MIME-Version|attachments/)
      22 |  await page.locator('.transcript').screenshot({path:`/private/tmp/aqm-v09-messaging-${viewport.width}.png`});expect((await page.locator('.message-row.bot .bubble').boundingBox())!.width).toBeLessThan(viewport.width);expect(await page.evaluate(()=>document.documentElement.scrollWidth)).toBeLessThanOrEqual(viewport.width)
    > 23 |  await page.getByRole('navigation',{name:'Primary navigation'}).getByRole('button',{name:'Settings',exact:true}).click();await page.getByRole('button',{name:'Disconnect',exact:true}).click();await expect(page.getByText(/0 cached searches · 0 cached transcripts/)).toBeVisible()
         |                                                                                                                                                                                                                                                                         ^
      24 |  await context.close()
      25 | })
      26 |
        at /Users/simonridd/.codex/worktrees/aqm-v019-final-whole-product-review/Genesys-aqm/tests/messaging.spec.ts:23:265

    Error Context: docs/v019-final-whole-product-review-evidence/existing-regression-artifacts/messaging-messaging-search-52544-t-cache-and-refresh-at-1440/error-context.md

    attachment #2: trace (application/zip) ─────────────────────────────────────────────────────────
    docs/v019-final-whole-product-review-evidence/existing-regression-artifacts/messaging-messaging-search-52544-t-cache-and-refresh-at-1440/trace.zip
    Usage:

        npx playwright show-trace docs/v019-final-whole-product-review-evidence/existing-regression-artifacts/messaging-messaging-search-52544-t-cache-and-refresh-at-1440/trace.zip

    ────────────────────────────────────────────────────────────────────────────────────────────────


(node:8063) Warning: The 'NO_COLOR' env is ignored due to the 'FORCE_COLOR' env being set.
(Use `node --trace-warnings ...` to show where the warning was created)


[126/290] tests/messaging.spec.ts:7:97 › messaging search, normalized relay, content cache and refresh at 1920
  41) tests/messaging.spec.ts:7:97 › messaging search, normalized relay, content cache and refresh at 1920 

    Error: expect(locator).toBeVisible() failed

    Locator: getByText(/0 cached searches · 0 cached transcripts/)
    Expected: visible
    Timeout: 5000ms
    Error: element(s) not found

    Call log:
      - Expect "toBeVisible" getByText(/0 cached searches · 0 cached transcripts/) with timeout 5000ms
      - waiting for getByText(/0 cached searches · 0 cached transcripts/)


      21 |  expect(JSON.stringify(entries)).toContain('I will connect you.');expect(JSON.stringify(entries)).not.toMatch(/fixture-token|mediaUri|signed|EML|MIME-Version|attachments/)
      22 |  await page.locator('.transcript').screenshot({path:`/private/tmp/aqm-v09-messaging-${viewport.width}.png`});expect((await page.locator('.message-row.bot .bubble').boundingBox())!.width).toBeLessThan(viewport.width);expect(await page.evaluate(()=>document.documentElement.scrollWidth)).toBeLessThanOrEqual(viewport.width)
    > 23 |  await page.getByRole('navigation',{name:'Primary navigation'}).getByRole('button',{name:'Settings',exact:true}).click();await page.getByRole('button',{name:'Disconnect',exact:true}).click();await expect(page.getByText(/0 cached searches · 0 cached transcripts/)).toBeVisible()
         |                                                                                                                                                                                                                                                                         ^
      24 |  await context.close()
      25 | })
      26 |
        at /Users/simonridd/.codex/worktrees/aqm-v019-final-whole-product-review/Genesys-aqm/tests/messaging.spec.ts:23:265

    Error Context: docs/v019-final-whole-product-review-evidence/existing-regression-artifacts/messaging-messaging-search-12ac7-t-cache-and-refresh-at-1920/error-context.md

    attachment #2: trace (application/zip) ─────────────────────────────────────────────────────────
    docs/v019-final-whole-product-review-evidence/existing-regression-artifacts/messaging-messaging-search-12ac7-t-cache-and-refresh-at-1920/trace.zip
    Usage:

        npx playwright show-trace docs/v019-final-whole-product-review-evidence/existing-regression-artifacts/messaging-messaging-search-12ac7-t-cache-and-refresh-at-1920/trace.zip

    ────────────────────────────────────────────────────────────────────────────────────────────────


(node:8080) Warning: The 'NO_COLOR' env is ignored due to the 'FORCE_COLOR' env being set.
(Use `node --trace-warnings ...` to show where the warning was created)


[127/290] tests/messaging.spec.ts:7:97 › messaging search, normalized relay, content cache and refresh at 390
  42) tests/messaging.spec.ts:7:97 › messaging search, normalized relay, content cache and refresh at 390 

    Error: expect(locator).toBeVisible() failed

    Locator: getByText(/0 cached searches · 0 cached transcripts/)
    Expected: visible
    Timeout: 5000ms
    Error: element(s) not found

    Call log:
      - Expect "toBeVisible" getByText(/0 cached searches · 0 cached transcripts/) with timeout 5000ms
      - waiting for getByText(/0 cached searches · 0 cached transcripts/)


      21 |  expect(JSON.stringify(entries)).toContain('I will connect you.');expect(JSON.stringify(entries)).not.toMatch(/fixture-token|mediaUri|signed|EML|MIME-Version|attachments/)
      22 |  await page.locator('.transcript').screenshot({path:`/private/tmp/aqm-v09-messaging-${viewport.width}.png`});expect((await page.locator('.message-row.bot .bubble').boundingBox())!.width).toBeLessThan(viewport.width);expect(await page.evaluate(()=>document.documentElement.scrollWidth)).toBeLessThanOrEqual(viewport.width)
    > 23 |  await page.getByRole('navigation',{name:'Primary navigation'}).getByRole('button',{name:'Settings',exact:true}).click();await page.getByRole('button',{name:'Disconnect',exact:true}).click();await expect(page.getByText(/0 cached searches · 0 cached transcripts/)).toBeVisible()
         |                                                                                                                                                                                                                                                                         ^
      24 |  await context.close()
      25 | })
      26 |
        at /Users/simonridd/.codex/worktrees/aqm-v019-final-whole-product-review/Genesys-aqm/tests/messaging.spec.ts:23:265

    Error Context: docs/v019-final-whole-product-review-evidence/existing-regression-artifacts/messaging-messaging-search-113f8-nt-cache-and-refresh-at-390/error-context.md

    attachment #2: trace (application/zip) ─────────────────────────────────────────────────────────
    docs/v019-final-whole-product-review-evidence/existing-regression-artifacts/messaging-messaging-search-113f8-nt-cache-and-refresh-at-390/trace.zip
    Usage:

        npx playwright show-trace docs/v019-final-whole-product-review-evidence/existing-regression-artifacts/messaging-messaging-search-113f8-nt-cache-and-refresh-at-390/trace.zip

    ────────────────────────────────────────────────────────────────────────────────────────────────


(node:8107) Warning: The 'NO_COLOR' env is ignored due to the 'FORCE_COLOR' env being set.
(Use `node --trace-warnings ...` to show where the warning was created)


[128/290] tests/navigation-baseline.spec.ts:6:1 › canonical mobile navigation before
[129/290] tests/navigation-guards.spec.ts:5:74 › dirty forms: primary, secondary, utility and About keep guard
[130/290] tests/navigation-guards.spec.ts:5:74 › dirty groups: primary, secondary, utility and About keep guard
[131/290] tests/navigation-guards.spec.ts:5:74 › dirty answerSets: primary, secondary, utility and About keep guard
[132/290] tests/navigation-guards.spec.ts:5:74 › dirty policies: primary, secondary, utility and About keep guard
[133/290] tests/navigation-guards.spec.ts:5:74 › dirty settings: primary, secondary, utility and About keep guard
[134/290] tests/navigation-tasks.spec.ts:10:97 › goal-only REVIEWER 1440
[135/290] tests/navigation-tasks.spec.ts:10:97 › goal-only AUTHOR 1440
[136/290] tests/navigation-tasks.spec.ts:10:97 › goal-only VIEWER 1440
[137/290] tests/navigation-tasks.spec.ts:10:97 › goal-only ADMIN 1440
[138/290] tests/navigation-tasks.spec.ts:10:97 › goal-only REVIEWER 390
[139/290] tests/navigation-tasks.spec.ts:10:97 › goal-only AUTHOR 390
[140/290] tests/navigation-tasks.spec.ts:10:97 › goal-only VIEWER 390
[141/290] tests/navigation-tasks.spec.ts:10:97 › goal-only ADMIN 390
[142/290] tests/notifications.spec.ts:6:164 › ADMIN notifications at 1440
  43) tests/notifications.spec.ts:6:164 › ADMIN notifications at 1440 ──────────────────────────────

    Error: expect(locator).toBeVisible() failed

    Locator:  getByText('Notifications: 2 pending · 1 failed (24h)')
    Expected: visible
    Received: hidden
    Timeout:  5000ms

    Call log:
      - Expect "toBeVisible" getByText('Notifications: 2 pending · 1 failed (24h)') with timeout 5000ms
      - waiting for getByText('Notifications: 2 pending · 1 failed (24h)')
        13 × locator resolved to <p class="field-note">…</p>
           - unexpected value "hidden"


      34 |   await panel.getByRole('button',{name:'Send test to Operations webhook'}).click();await expect(panel.getByRole('cell',{name:'DELIVERED',exact:true}).first()).toBeVisible();expect(sent).toBe(1);await panel.screenshot({path:`/private/tmp/aqm-v012-config-${viewport.width}.png`})
      35 |  }else if(role==='AUTHOR'){await expect(panel).toBeVisible();await expect(panel.getByRole('button',{name:'New destination'})).toHaveCount(0);await expect(panel.getByRole('button',{name:/Send test/})).toHaveCount(0)}else await expect(panel).toHaveCount(0)
    > 36 |  await page.screenshot({path:`/private/tmp/aqm-v012-${role}-settings-${viewport.width}.png`,fullPage:true});await nav.getByRole('button',{name:'Overview',exact:true}).click();await expect(page.getByText('Notifications: 2 pending · 1 failed (24h)',{exact:false})).toBeVisible();await page.locator('.overview-operations>summary').click();const alerts=page.getByRole('region',{name:'Operational alerts',exact:true});await alerts.getByRole('row').filter({hasText:'Scheduled run failed'}).click();const detail=page.getByRole('region',{name:'Alert detail'});await expect(detail.getByText('Operations webhook — DELIVERED',{exact:false})).toBeVisible();await expect(detail.getByText('AQM email — FAILED · OPEN · 4 attempts')).toBeVisible();await detail.screenshot({path:`/private/tmp/aqm-v012-${role}-alert-${viewport.width}.png`});expect(errors).toEqual([]);expect(await page.evaluate(()=>document.documentElement.scrollWidth)).toBeLessThanOrEqual(viewport.width);await context.close()
         |                                                                                                                                                                                                                                                                        ^
      37 | })
      38 |
        at /Users/simonridd/.codex/worktrees/aqm-v019-final-whole-product-review/Genesys-aqm/tests/notifications.spec.ts:36:264

    Error Context: docs/v019-final-whole-product-review-evidence/existing-regression-artifacts/notifications-ADMIN-notifications-at-1440/error-context.md

    attachment #2: trace (application/zip) ─────────────────────────────────────────────────────────
    docs/v019-final-whole-product-review-evidence/existing-regression-artifacts/notifications-ADMIN-notifications-at-1440/trace.zip
    Usage:

        npx playwright show-trace docs/v019-final-whole-product-review-evidence/existing-regression-artifacts/notifications-ADMIN-notifications-at-1440/trace.zip

    ────────────────────────────────────────────────────────────────────────────────────────────────


(node:8178) Warning: The 'NO_COLOR' env is ignored due to the 'FORCE_COLOR' env being set.
(Use `node --trace-warnings ...` to show where the warning was created)


[143/290] tests/notifications.spec.ts:6:164 › AUTHOR notifications at 1440
  44) tests/notifications.spec.ts:6:164 › AUTHOR notifications at 1440 ─────────────────────────────

    Test timeout of 30000ms exceeded.

    Error: locator.click: Test ended.
    Call log:
      - waiting for getByRole('navigation', { name: 'Primary navigation' }).getByRole('button', { name: 'Overview', exact: true })


      34 |   await panel.getByRole('button',{name:'Send test to Operations webhook'}).click();await expect(panel.getByRole('cell',{name:'DELIVERED',exact:true}).first()).toBeVisible();expect(sent).toBe(1);await panel.screenshot({path:`/private/tmp/aqm-v012-config-${viewport.width}.png`})
      35 |  }else if(role==='AUTHOR'){await expect(panel).toBeVisible();await expect(panel.getByRole('button',{name:'New destination'})).toHaveCount(0);await expect(panel.getByRole('button',{name:/Send test/})).toHaveCount(0)}else await expect(panel).toHaveCount(0)
    > 36 |  await page.screenshot({path:`/private/tmp/aqm-v012-${role}-settings-${viewport.width}.png`,fullPage:true});await nav.getByRole('button',{name:'Overview',exact:true}).click();await expect(page.getByText('Notifications: 2 pending · 1 failed (24h)',{exact:false})).toBeVisible();await page.locator('.overview-operations>summary').click();const alerts=page.getByRole('region',{name:'Operational alerts',exact:true});await alerts.getByRole('row').filter({hasText:'Scheduled run failed'}).click();const detail=page.getByRole('region',{name:'Alert detail'});await expect(detail.getByText('Operations webhook — DELIVERED',{exact:false})).toBeVisible();await expect(detail.getByText('AQM email — FAILED · OPEN · 4 attempts')).toBeVisible();await detail.screenshot({path:`/private/tmp/aqm-v012-${role}-alert-${viewport.width}.png`});expect(errors).toEqual([]);expect(await page.evaluate(()=>document.documentElement.scrollWidth)).toBeLessThanOrEqual(viewport.width);await context.close()
         |                                                                                                                                                                        ^
      37 | })
      38 |
        at /Users/simonridd/.codex/worktrees/aqm-v019-final-whole-product-review/Genesys-aqm/tests/notifications.spec.ts:36:168

    Error Context: docs/v019-final-whole-product-review-evidence/existing-regression-artifacts/notifications-AUTHOR-notifications-at-1440/error-context.md

    attachment #2: trace (application/zip) ─────────────────────────────────────────────────────────
    docs/v019-final-whole-product-review-evidence/existing-regression-artifacts/notifications-AUTHOR-notifications-at-1440/trace.zip
    Usage:

        npx playwright show-trace docs/v019-final-whole-product-review-evidence/existing-regression-artifacts/notifications-AUTHOR-notifications-at-1440/trace.zip

    ────────────────────────────────────────────────────────────────────────────────────────────────


(node:8270) Warning: The 'NO_COLOR' env is ignored due to the 'FORCE_COLOR' env being set.
(Use `node --trace-warnings ...` to show where the warning was created)


[144/290] tests/notifications.spec.ts:6:164 › REVIEWER notifications at 1440
  45) tests/notifications.spec.ts:6:164 › REVIEWER notifications at 1440 ───────────────────────────

    Error: expect(locator).toBeVisible() failed

    Locator:  getByText('Notifications: 2 pending · 1 failed (24h)')
    Expected: visible
    Received: hidden
    Timeout:  5000ms

    Call log:
      - Expect "toBeVisible" getByText('Notifications: 2 pending · 1 failed (24h)') with timeout 5000ms
      - waiting for getByText('Notifications: 2 pending · 1 failed (24h)')
        13 × locator resolved to <p class="field-note">…</p>
           - unexpected value "hidden"


      34 |   await panel.getByRole('button',{name:'Send test to Operations webhook'}).click();await expect(panel.getByRole('cell',{name:'DELIVERED',exact:true}).first()).toBeVisible();expect(sent).toBe(1);await panel.screenshot({path:`/private/tmp/aqm-v012-config-${viewport.width}.png`})
      35 |  }else if(role==='AUTHOR'){await expect(panel).toBeVisible();await expect(panel.getByRole('button',{name:'New destination'})).toHaveCount(0);await expect(panel.getByRole('button',{name:/Send test/})).toHaveCount(0)}else await expect(panel).toHaveCount(0)
    > 36 |  await page.screenshot({path:`/private/tmp/aqm-v012-${role}-settings-${viewport.width}.png`,fullPage:true});await nav.getByRole('button',{name:'Overview',exact:true}).click();await expect(page.getByText('Notifications: 2 pending · 1 failed (24h)',{exact:false})).toBeVisible();await page.locator('.overview-operations>summary').click();const alerts=page.getByRole('region',{name:'Operational alerts',exact:true});await alerts.getByRole('row').filter({hasText:'Scheduled run failed'}).click();const detail=page.getByRole('region',{name:'Alert detail'});await expect(detail.getByText('Operations webhook — DELIVERED',{exact:false})).toBeVisible();await expect(detail.getByText('AQM email — FAILED · OPEN · 4 attempts')).toBeVisible();await detail.screenshot({path:`/private/tmp/aqm-v012-${role}-alert-${viewport.width}.png`});expect(errors).toEqual([]);expect(await page.evaluate(()=>document.documentElement.scrollWidth)).toBeLessThanOrEqual(viewport.width);await context.close()
         |                                                                                                                                                                                                                                                                        ^
      37 | })
      38 |
        at /Users/simonridd/.codex/worktrees/aqm-v019-final-whole-product-review/Genesys-aqm/tests/notifications.spec.ts:36:264

    Error Context: docs/v019-final-whole-product-review-evidence/existing-regression-artifacts/notifications-REVIEWER-notifications-at-1440/error-context.md

    attachment #2: trace (application/zip) ─────────────────────────────────────────────────────────
    docs/v019-final-whole-product-review-evidence/existing-regression-artifacts/notifications-REVIEWER-notifications-at-1440/trace.zip
    Usage:

        npx playwright show-trace docs/v019-final-whole-product-review-evidence/existing-regression-artifacts/notifications-REVIEWER-notifications-at-1440/trace.zip

    ────────────────────────────────────────────────────────────────────────────────────────────────


(node:8295) Warning: The 'NO_COLOR' env is ignored due to the 'FORCE_COLOR' env being set.
(Use `node --trace-warnings ...` to show where the warning was created)


[145/290] tests/notifications.spec.ts:6:164 › VIEWER notifications at 1440
  46) tests/notifications.spec.ts:6:164 › VIEWER notifications at 1440 ─────────────────────────────

    Error: expect(locator).toBeVisible() failed

    Locator:  getByText('Notifications: 2 pending · 1 failed (24h)')
    Expected: visible
    Received: hidden
    Timeout:  5000ms

    Call log:
      - Expect "toBeVisible" getByText('Notifications: 2 pending · 1 failed (24h)') with timeout 5000ms
      - waiting for getByText('Notifications: 2 pending · 1 failed (24h)')
        13 × locator resolved to <p class="field-note">…</p>
           - unexpected value "hidden"


      34 |   await panel.getByRole('button',{name:'Send test to Operations webhook'}).click();await expect(panel.getByRole('cell',{name:'DELIVERED',exact:true}).first()).toBeVisible();expect(sent).toBe(1);await panel.screenshot({path:`/private/tmp/aqm-v012-config-${viewport.width}.png`})
      35 |  }else if(role==='AUTHOR'){await expect(panel).toBeVisible();await expect(panel.getByRole('button',{name:'New destination'})).toHaveCount(0);await expect(panel.getByRole('button',{name:/Send test/})).toHaveCount(0)}else await expect(panel).toHaveCount(0)
    > 36 |  await page.screenshot({path:`/private/tmp/aqm-v012-${role}-settings-${viewport.width}.png`,fullPage:true});await nav.getByRole('button',{name:'Overview',exact:true}).click();await expect(page.getByText('Notifications: 2 pending · 1 failed (24h)',{exact:false})).toBeVisible();await page.locator('.overview-operations>summary').click();const alerts=page.getByRole('region',{name:'Operational alerts',exact:true});await alerts.getByRole('row').filter({hasText:'Scheduled run failed'}).click();const detail=page.getByRole('region',{name:'Alert detail'});await expect(detail.getByText('Operations webhook — DELIVERED',{exact:false})).toBeVisible();await expect(detail.getByText('AQM email — FAILED · OPEN · 4 attempts')).toBeVisible();await detail.screenshot({path:`/private/tmp/aqm-v012-${role}-alert-${viewport.width}.png`});expect(errors).toEqual([]);expect(await page.evaluate(()=>document.documentElement.scrollWidth)).toBeLessThanOrEqual(viewport.width);await context.close()
         |                                                                                                                                                                                                                                                                        ^
      37 | })
      38 |
        at /Users/simonridd/.codex/worktrees/aqm-v019-final-whole-product-review/Genesys-aqm/tests/notifications.spec.ts:36:264

    Error Context: docs/v019-final-whole-product-review-evidence/existing-regression-artifacts/notifications-VIEWER-notifications-at-1440/error-context.md

    attachment #2: trace (application/zip) ─────────────────────────────────────────────────────────
    docs/v019-final-whole-product-review-evidence/existing-regression-artifacts/notifications-VIEWER-notifications-at-1440/trace.zip
    Usage:

        npx playwright show-trace docs/v019-final-whole-product-review-evidence/existing-regression-artifacts/notifications-VIEWER-notifications-at-1440/trace.zip

    ────────────────────────────────────────────────────────────────────────────────────────────────


(node:8307) Warning: The 'NO_COLOR' env is ignored due to the 'FORCE_COLOR' env being set.
(Use `node --trace-warnings ...` to show where the warning was created)


[146/290] tests/notifications.spec.ts:6:164 › ADMIN notifications at 1920
  47) tests/notifications.spec.ts:6:164 › ADMIN notifications at 1920 ──────────────────────────────

    Error: expect(locator).toBeVisible() failed

    Locator:  getByText('Notifications: 2 pending · 1 failed (24h)')
    Expected: visible
    Received: hidden
    Timeout:  5000ms

    Call log:
      - Expect "toBeVisible" getByText('Notifications: 2 pending · 1 failed (24h)') with timeout 5000ms
      - waiting for getByText('Notifications: 2 pending · 1 failed (24h)')
        13 × locator resolved to <p class="field-note">…</p>
           - unexpected value "hidden"


      34 |   await panel.getByRole('button',{name:'Send test to Operations webhook'}).click();await expect(panel.getByRole('cell',{name:'DELIVERED',exact:true}).first()).toBeVisible();expect(sent).toBe(1);await panel.screenshot({path:`/private/tmp/aqm-v012-config-${viewport.width}.png`})
      35 |  }else if(role==='AUTHOR'){await expect(panel).toBeVisible();await expect(panel.getByRole('button',{name:'New destination'})).toHaveCount(0);await expect(panel.getByRole('button',{name:/Send test/})).toHaveCount(0)}else await expect(panel).toHaveCount(0)
    > 36 |  await page.screenshot({path:`/private/tmp/aqm-v012-${role}-settings-${viewport.width}.png`,fullPage:true});await nav.getByRole('button',{name:'Overview',exact:true}).click();await expect(page.getByText('Notifications: 2 pending · 1 failed (24h)',{exact:false})).toBeVisible();await page.locator('.overview-operations>summary').click();const alerts=page.getByRole('region',{name:'Operational alerts',exact:true});await alerts.getByRole('row').filter({hasText:'Scheduled run failed'}).click();const detail=page.getByRole('region',{name:'Alert detail'});await expect(detail.getByText('Operations webhook — DELIVERED',{exact:false})).toBeVisible();await expect(detail.getByText('AQM email — FAILED · OPEN · 4 attempts')).toBeVisible();await detail.screenshot({path:`/private/tmp/aqm-v012-${role}-alert-${viewport.width}.png`});expect(errors).toEqual([]);expect(await page.evaluate(()=>document.documentElement.scrollWidth)).toBeLessThanOrEqual(viewport.width);await context.close()
         |                                                                                                                                                                                                                                                                        ^
      37 | })
      38 |
        at /Users/simonridd/.codex/worktrees/aqm-v019-final-whole-product-review/Genesys-aqm/tests/notifications.spec.ts:36:264

    Error Context: docs/v019-final-whole-product-review-evidence/existing-regression-artifacts/notifications-ADMIN-notifications-at-1920/error-context.md

    attachment #2: trace (application/zip) ─────────────────────────────────────────────────────────
    docs/v019-final-whole-product-review-evidence/existing-regression-artifacts/notifications-ADMIN-notifications-at-1920/trace.zip
    Usage:

        npx playwright show-trace docs/v019-final-whole-product-review-evidence/existing-regression-artifacts/notifications-ADMIN-notifications-at-1920/trace.zip

    ────────────────────────────────────────────────────────────────────────────────────────────────


(node:8320) Warning: The 'NO_COLOR' env is ignored due to the 'FORCE_COLOR' env being set.
(Use `node --trace-warnings ...` to show where the warning was created)


[147/290] tests/notifications.spec.ts:6:164 › AUTHOR notifications at 1920
  48) tests/notifications.spec.ts:6:164 › AUTHOR notifications at 1920 ─────────────────────────────

    Test timeout of 30000ms exceeded.

    Error: locator.click: Test ended.
    Call log:
      - waiting for getByRole('navigation', { name: 'Primary navigation' }).getByRole('button', { name: 'Overview', exact: true })


      34 |   await panel.getByRole('button',{name:'Send test to Operations webhook'}).click();await expect(panel.getByRole('cell',{name:'DELIVERED',exact:true}).first()).toBeVisible();expect(sent).toBe(1);await panel.screenshot({path:`/private/tmp/aqm-v012-config-${viewport.width}.png`})
      35 |  }else if(role==='AUTHOR'){await expect(panel).toBeVisible();await expect(panel.getByRole('button',{name:'New destination'})).toHaveCount(0);await expect(panel.getByRole('button',{name:/Send test/})).toHaveCount(0)}else await expect(panel).toHaveCount(0)
    > 36 |  await page.screenshot({path:`/private/tmp/aqm-v012-${role}-settings-${viewport.width}.png`,fullPage:true});await nav.getByRole('button',{name:'Overview',exact:true}).click();await expect(page.getByText('Notifications: 2 pending · 1 failed (24h)',{exact:false})).toBeVisible();await page.locator('.overview-operations>summary').click();const alerts=page.getByRole('region',{name:'Operational alerts',exact:true});await alerts.getByRole('row').filter({hasText:'Scheduled run failed'}).click();const detail=page.getByRole('region',{name:'Alert detail'});await expect(detail.getByText('Operations webhook — DELIVERED',{exact:false})).toBeVisible();await expect(detail.getByText('AQM email — FAILED · OPEN · 4 attempts')).toBeVisible();await detail.screenshot({path:`/private/tmp/aqm-v012-${role}-alert-${viewport.width}.png`});expect(errors).toEqual([]);expect(await page.evaluate(()=>document.documentElement.scrollWidth)).toBeLessThanOrEqual(viewport.width);await context.close()
         |                                                                                                                                                                        ^
      37 | })
      38 |
        at /Users/simonridd/.codex/worktrees/aqm-v019-final-whole-product-review/Genesys-aqm/tests/notifications.spec.ts:36:168

    Error Context: docs/v019-final-whole-product-review-evidence/existing-regression-artifacts/notifications-AUTHOR-notifications-at-1920/error-context.md

    attachment #2: trace (application/zip) ─────────────────────────────────────────────────────────
    docs/v019-final-whole-product-review-evidence/existing-regression-artifacts/notifications-AUTHOR-notifications-at-1920/trace.zip
    Usage:

        npx playwright show-trace docs/v019-final-whole-product-review-evidence/existing-regression-artifacts/notifications-AUTHOR-notifications-at-1920/trace.zip

    ────────────────────────────────────────────────────────────────────────────────────────────────


(node:8373) Warning: The 'NO_COLOR' env is ignored due to the 'FORCE_COLOR' env being set.
(Use `node --trace-warnings ...` to show where the warning was created)


[148/290] tests/notifications.spec.ts:6:164 › REVIEWER notifications at 1920
  49) tests/notifications.spec.ts:6:164 › REVIEWER notifications at 1920 ───────────────────────────

    Error: expect(locator).toBeVisible() failed

    Locator:  getByText('Notifications: 2 pending · 1 failed (24h)')
    Expected: visible
    Received: hidden
    Timeout:  5000ms

    Call log:
      - Expect "toBeVisible" getByText('Notifications: 2 pending · 1 failed (24h)') with timeout 5000ms
      - waiting for getByText('Notifications: 2 pending · 1 failed (24h)')
        12 × locator resolved to <p class="field-note">…</p>
           - unexpected value "hidden"


      34 |   await panel.getByRole('button',{name:'Send test to Operations webhook'}).click();await expect(panel.getByRole('cell',{name:'DELIVERED',exact:true}).first()).toBeVisible();expect(sent).toBe(1);await panel.screenshot({path:`/private/tmp/aqm-v012-config-${viewport.width}.png`})
      35 |  }else if(role==='AUTHOR'){await expect(panel).toBeVisible();await expect(panel.getByRole('button',{name:'New destination'})).toHaveCount(0);await expect(panel.getByRole('button',{name:/Send test/})).toHaveCount(0)}else await expect(panel).toHaveCount(0)
    > 36 |  await page.screenshot({path:`/private/tmp/aqm-v012-${role}-settings-${viewport.width}.png`,fullPage:true});await nav.getByRole('button',{name:'Overview',exact:true}).click();await expect(page.getByText('Notifications: 2 pending · 1 failed (24h)',{exact:false})).toBeVisible();await page.locator('.overview-operations>summary').click();const alerts=page.getByRole('region',{name:'Operational alerts',exact:true});await alerts.getByRole('row').filter({hasText:'Scheduled run failed'}).click();const detail=page.getByRole('region',{name:'Alert detail'});await expect(detail.getByText('Operations webhook — DELIVERED',{exact:false})).toBeVisible();await expect(detail.getByText('AQM email — FAILED · OPEN · 4 attempts')).toBeVisible();await detail.screenshot({path:`/private/tmp/aqm-v012-${role}-alert-${viewport.width}.png`});expect(errors).toEqual([]);expect(await page.evaluate(()=>document.documentElement.scrollWidth)).toBeLessThanOrEqual(viewport.width);await context.close()
         |                                                                                                                                                                                                                                                                        ^
      37 | })
      38 |
        at /Users/simonridd/.codex/worktrees/aqm-v019-final-whole-product-review/Genesys-aqm/tests/notifications.spec.ts:36:264

    Error Context: docs/v019-final-whole-product-review-evidence/existing-regression-artifacts/notifications-REVIEWER-notifications-at-1920/error-context.md

    attachment #2: trace (application/zip) ─────────────────────────────────────────────────────────
    docs/v019-final-whole-product-review-evidence/existing-regression-artifacts/notifications-REVIEWER-notifications-at-1920/trace.zip
    Usage:

        npx playwright show-trace docs/v019-final-whole-product-review-evidence/existing-regression-artifacts/notifications-REVIEWER-notifications-at-1920/trace.zip

    ────────────────────────────────────────────────────────────────────────────────────────────────


(node:8447) Warning: The 'NO_COLOR' env is ignored due to the 'FORCE_COLOR' env being set.
(Use `node --trace-warnings ...` to show where the warning was created)


[149/290] tests/notifications.spec.ts:6:164 › VIEWER notifications at 1920
  50) tests/notifications.spec.ts:6:164 › VIEWER notifications at 1920 ─────────────────────────────

    Error: expect(locator).toBeVisible() failed

    Locator:  getByText('Notifications: 2 pending · 1 failed (24h)')
    Expected: visible
    Received: hidden
    Timeout:  5000ms

    Call log:
      - Expect "toBeVisible" getByText('Notifications: 2 pending · 1 failed (24h)') with timeout 5000ms
      - waiting for getByText('Notifications: 2 pending · 1 failed (24h)')
        14 × locator resolved to <p class="field-note">…</p>
           - unexpected value "hidden"


      34 |   await panel.getByRole('button',{name:'Send test to Operations webhook'}).click();await expect(panel.getByRole('cell',{name:'DELIVERED',exact:true}).first()).toBeVisible();expect(sent).toBe(1);await panel.screenshot({path:`/private/tmp/aqm-v012-config-${viewport.width}.png`})
      35 |  }else if(role==='AUTHOR'){await expect(panel).toBeVisible();await expect(panel.getByRole('button',{name:'New destination'})).toHaveCount(0);await expect(panel.getByRole('button',{name:/Send test/})).toHaveCount(0)}else await expect(panel).toHaveCount(0)
    > 36 |  await page.screenshot({path:`/private/tmp/aqm-v012-${role}-settings-${viewport.width}.png`,fullPage:true});await nav.getByRole('button',{name:'Overview',exact:true}).click();await expect(page.getByText('Notifications: 2 pending · 1 failed (24h)',{exact:false})).toBeVisible();await page.locator('.overview-operations>summary').click();const alerts=page.getByRole('region',{name:'Operational alerts',exact:true});await alerts.getByRole('row').filter({hasText:'Scheduled run failed'}).click();const detail=page.getByRole('region',{name:'Alert detail'});await expect(detail.getByText('Operations webhook — DELIVERED',{exact:false})).toBeVisible();await expect(detail.getByText('AQM email — FAILED · OPEN · 4 attempts')).toBeVisible();await detail.screenshot({path:`/private/tmp/aqm-v012-${role}-alert-${viewport.width}.png`});expect(errors).toEqual([]);expect(await page.evaluate(()=>document.documentElement.scrollWidth)).toBeLessThanOrEqual(viewport.width);await context.close()
         |                                                                                                                                                                                                                                                                        ^
      37 | })
      38 |
        at /Users/simonridd/.codex/worktrees/aqm-v019-final-whole-product-review/Genesys-aqm/tests/notifications.spec.ts:36:264

    Error Context: docs/v019-final-whole-product-review-evidence/existing-regression-artifacts/notifications-VIEWER-notifications-at-1920/error-context.md

    attachment #2: trace (application/zip) ─────────────────────────────────────────────────────────
    docs/v019-final-whole-product-review-evidence/existing-regression-artifacts/notifications-VIEWER-notifications-at-1920/trace.zip
    Usage:

        npx playwright show-trace docs/v019-final-whole-product-review-evidence/existing-regression-artifacts/notifications-VIEWER-notifications-at-1920/trace.zip

    ────────────────────────────────────────────────────────────────────────────────────────────────


(node:9242) Warning: The 'NO_COLOR' env is ignored due to the 'FORCE_COLOR' env being set.
(Use `node --trace-warnings ...` to show where the warning was created)


[150/290] tests/notifications.spec.ts:6:164 › ADMIN notifications at 390
  51) tests/notifications.spec.ts:6:164 › ADMIN notifications at 390 ───────────────────────────────

    Error: expect(locator).toBeVisible() failed

    Locator:  getByText('Notifications: 2 pending · 1 failed (24h)')
    Expected: visible
    Received: hidden
    Timeout:  5000ms

    Call log:
      - Expect "toBeVisible" getByText('Notifications: 2 pending · 1 failed (24h)') with timeout 5000ms
      - waiting for getByText('Notifications: 2 pending · 1 failed (24h)')
        13 × locator resolved to <p class="field-note">…</p>
           - unexpected value "hidden"


      34 |   await panel.getByRole('button',{name:'Send test to Operations webhook'}).click();await expect(panel.getByRole('cell',{name:'DELIVERED',exact:true}).first()).toBeVisible();expect(sent).toBe(1);await panel.screenshot({path:`/private/tmp/aqm-v012-config-${viewport.width}.png`})
      35 |  }else if(role==='AUTHOR'){await expect(panel).toBeVisible();await expect(panel.getByRole('button',{name:'New destination'})).toHaveCount(0);await expect(panel.getByRole('button',{name:/Send test/})).toHaveCount(0)}else await expect(panel).toHaveCount(0)
    > 36 |  await page.screenshot({path:`/private/tmp/aqm-v012-${role}-settings-${viewport.width}.png`,fullPage:true});await nav.getByRole('button',{name:'Overview',exact:true}).click();await expect(page.getByText('Notifications: 2 pending · 1 failed (24h)',{exact:false})).toBeVisible();await page.locator('.overview-operations>summary').click();const alerts=page.getByRole('region',{name:'Operational alerts',exact:true});await alerts.getByRole('row').filter({hasText:'Scheduled run failed'}).click();const detail=page.getByRole('region',{name:'Alert detail'});await expect(detail.getByText('Operations webhook — DELIVERED',{exact:false})).toBeVisible();await expect(detail.getByText('AQM email — FAILED · OPEN · 4 attempts')).toBeVisible();await detail.screenshot({path:`/private/tmp/aqm-v012-${role}-alert-${viewport.width}.png`});expect(errors).toEqual([]);expect(await page.evaluate(()=>document.documentElement.scrollWidth)).toBeLessThanOrEqual(viewport.width);await context.close()
         |                                                                                                                                                                                                                                                                        ^
      37 | })
      38 |
        at /Users/simonridd/.codex/worktrees/aqm-v019-final-whole-product-review/Genesys-aqm/tests/notifications.spec.ts:36:264

    Error Context: docs/v019-final-whole-product-review-evidence/existing-regression-artifacts/notifications-ADMIN-notifications-at-390/error-context.md

    attachment #2: trace (application/zip) ─────────────────────────────────────────────────────────
    docs/v019-final-whole-product-review-evidence/existing-regression-artifacts/notifications-ADMIN-notifications-at-390/trace.zip
    Usage:

        npx playwright show-trace docs/v019-final-whole-product-review-evidence/existing-regression-artifacts/notifications-ADMIN-notifications-at-390/trace.zip

    ────────────────────────────────────────────────────────────────────────────────────────────────


(node:10774) Warning: The 'NO_COLOR' env is ignored due to the 'FORCE_COLOR' env being set.
(Use `node --trace-warnings ...` to show where the warning was created)


[151/290] tests/notifications.spec.ts:6:164 › AUTHOR notifications at 390
  52) tests/notifications.spec.ts:6:164 › AUTHOR notifications at 390 ──────────────────────────────

    Test timeout of 30000ms exceeded.

    Error: locator.click: Test ended.
    Call log:
      - waiting for getByRole('navigation', { name: 'Primary navigation' }).getByRole('button', { name: 'Overview', exact: true })


      34 |   await panel.getByRole('button',{name:'Send test to Operations webhook'}).click();await expect(panel.getByRole('cell',{name:'DELIVERED',exact:true}).first()).toBeVisible();expect(sent).toBe(1);await panel.screenshot({path:`/private/tmp/aqm-v012-config-${viewport.width}.png`})
      35 |  }else if(role==='AUTHOR'){await expect(panel).toBeVisible();await expect(panel.getByRole('button',{name:'New destination'})).toHaveCount(0);await expect(panel.getByRole('button',{name:/Send test/})).toHaveCount(0)}else await expect(panel).toHaveCount(0)
    > 36 |  await page.screenshot({path:`/private/tmp/aqm-v012-${role}-settings-${viewport.width}.png`,fullPage:true});await nav.getByRole('button',{name:'Overview',exact:true}).click();await expect(page.getByText('Notifications: 2 pending · 1 failed (24h)',{exact:false})).toBeVisible();await page.locator('.overview-operations>summary').click();const alerts=page.getByRole('region',{name:'Operational alerts',exact:true});await alerts.getByRole('row').filter({hasText:'Scheduled run failed'}).click();const detail=page.getByRole('region',{name:'Alert detail'});await expect(detail.getByText('Operations webhook — DELIVERED',{exact:false})).toBeVisible();await expect(detail.getByText('AQM email — FAILED · OPEN · 4 attempts')).toBeVisible();await detail.screenshot({path:`/private/tmp/aqm-v012-${role}-alert-${viewport.width}.png`});expect(errors).toEqual([]);expect(await page.evaluate(()=>document.documentElement.scrollWidth)).toBeLessThanOrEqual(viewport.width);await context.close()
         |                                                                                                                                                                        ^
      37 | })
      38 |
        at /Users/simonridd/.codex/worktrees/aqm-v019-final-whole-product-review/Genesys-aqm/tests/notifications.spec.ts:36:168

    Error Context: docs/v019-final-whole-product-review-evidence/existing-regression-artifacts/notifications-AUTHOR-notifications-at-390/error-context.md

    attachment #2: trace (application/zip) ─────────────────────────────────────────────────────────
    docs/v019-final-whole-product-review-evidence/existing-regression-artifacts/notifications-AUTHOR-notifications-at-390/trace.zip
    Usage:

        npx playwright show-trace docs/v019-final-whole-product-review-evidence/existing-regression-artifacts/notifications-AUTHOR-notifications-at-390/trace.zip

    ────────────────────────────────────────────────────────────────────────────────────────────────


(node:18343) Warning: The 'NO_COLOR' env is ignored due to the 'FORCE_COLOR' env being set.
(Use `node --trace-warnings ...` to show where the warning was created)


[152/290] tests/notifications.spec.ts:6:164 › REVIEWER notifications at 390
  53) tests/notifications.spec.ts:6:164 › REVIEWER notifications at 390 ────────────────────────────

    Error: expect(locator).toBeVisible() failed

    Locator:  getByText('Notifications: 2 pending · 1 failed (24h)')
    Expected: visible
    Received: hidden
    Timeout:  5000ms

    Call log:
      - Expect "toBeVisible" getByText('Notifications: 2 pending · 1 failed (24h)') with timeout 5000ms
      - waiting for getByText('Notifications: 2 pending · 1 failed (24h)')
        13 × locator resolved to <p class="field-note">…</p>
           - unexpected value "hidden"


      34 |   await panel.getByRole('button',{name:'Send test to Operations webhook'}).click();await expect(panel.getByRole('cell',{name:'DELIVERED',exact:true}).first()).toBeVisible();expect(sent).toBe(1);await panel.screenshot({path:`/private/tmp/aqm-v012-config-${viewport.width}.png`})
      35 |  }else if(role==='AUTHOR'){await expect(panel).toBeVisible();await expect(panel.getByRole('button',{name:'New destination'})).toHaveCount(0);await expect(panel.getByRole('button',{name:/Send test/})).toHaveCount(0)}else await expect(panel).toHaveCount(0)
    > 36 |  await page.screenshot({path:`/private/tmp/aqm-v012-${role}-settings-${viewport.width}.png`,fullPage:true});await nav.getByRole('button',{name:'Overview',exact:true}).click();await expect(page.getByText('Notifications: 2 pending · 1 failed (24h)',{exact:false})).toBeVisible();await page.locator('.overview-operations>summary').click();const alerts=page.getByRole('region',{name:'Operational alerts',exact:true});await alerts.getByRole('row').filter({hasText:'Scheduled run failed'}).click();const detail=page.getByRole('region',{name:'Alert detail'});await expect(detail.getByText('Operations webhook — DELIVERED',{exact:false})).toBeVisible();await expect(detail.getByText('AQM email — FAILED · OPEN · 4 attempts')).toBeVisible();await detail.screenshot({path:`/private/tmp/aqm-v012-${role}-alert-${viewport.width}.png`});expect(errors).toEqual([]);expect(await page.evaluate(()=>document.documentElement.scrollWidth)).toBeLessThanOrEqual(viewport.width);await context.close()
         |                                                                                                                                                                                                                                                                        ^
      37 | })
      38 |
        at /Users/simonridd/.codex/worktrees/aqm-v019-final-whole-product-review/Genesys-aqm/tests/notifications.spec.ts:36:264

    Error Context: docs/v019-final-whole-product-review-evidence/existing-regression-artifacts/notifications-REVIEWER-notifications-at-390/error-context.md

    attachment #2: trace (application/zip) ─────────────────────────────────────────────────────────
    docs/v019-final-whole-product-review-evidence/existing-regression-artifacts/notifications-REVIEWER-notifications-at-390/trace.zip
    Usage:

        npx playwright show-trace docs/v019-final-whole-product-review-evidence/existing-regression-artifacts/notifications-REVIEWER-notifications-at-390/trace.zip

    ────────────────────────────────────────────────────────────────────────────────────────────────


(node:18444) Warning: The 'NO_COLOR' env is ignored due to the 'FORCE_COLOR' env being set.
(Use `node --trace-warnings ...` to show where the warning was created)


[153/290] tests/notifications.spec.ts:6:164 › VIEWER notifications at 390
  54) tests/notifications.spec.ts:6:164 › VIEWER notifications at 390 ──────────────────────────────

    Error: expect(locator).toBeVisible() failed

    Locator:  getByText('Notifications: 2 pending · 1 failed (24h)')
    Expected: visible
    Received: hidden
    Timeout:  5000ms

    Call log:
      - Expect "toBeVisible" getByText('Notifications: 2 pending · 1 failed (24h)') with timeout 5000ms
      - waiting for getByText('Notifications: 2 pending · 1 failed (24h)')
        14 × locator resolved to <p class="field-note">…</p>
           - unexpected value "hidden"


      34 |   await panel.getByRole('button',{name:'Send test to Operations webhook'}).click();await expect(panel.getByRole('cell',{name:'DELIVERED',exact:true}).first()).toBeVisible();expect(sent).toBe(1);await panel.screenshot({path:`/private/tmp/aqm-v012-config-${viewport.width}.png`})
      35 |  }else if(role==='AUTHOR'){await expect(panel).toBeVisible();await expect(panel.getByRole('button',{name:'New destination'})).toHaveCount(0);await expect(panel.getByRole('button',{name:/Send test/})).toHaveCount(0)}else await expect(panel).toHaveCount(0)
    > 36 |  await page.screenshot({path:`/private/tmp/aqm-v012-${role}-settings-${viewport.width}.png`,fullPage:true});await nav.getByRole('button',{name:'Overview',exact:true}).click();await expect(page.getByText('Notifications: 2 pending · 1 failed (24h)',{exact:false})).toBeVisible();await page.locator('.overview-operations>summary').click();const alerts=page.getByRole('region',{name:'Operational alerts',exact:true});await alerts.getByRole('row').filter({hasText:'Scheduled run failed'}).click();const detail=page.getByRole('region',{name:'Alert detail'});await expect(detail.getByText('Operations webhook — DELIVERED',{exact:false})).toBeVisible();await expect(detail.getByText('AQM email — FAILED · OPEN · 4 attempts')).toBeVisible();await detail.screenshot({path:`/private/tmp/aqm-v012-${role}-alert-${viewport.width}.png`});expect(errors).toEqual([]);expect(await page.evaluate(()=>document.documentElement.scrollWidth)).toBeLessThanOrEqual(viewport.width);await context.close()
         |                                                                                                                                                                                                                                                                        ^
      37 | })
      38 |
        at /Users/simonridd/.codex/worktrees/aqm-v019-final-whole-product-review/Genesys-aqm/tests/notifications.spec.ts:36:264

    Error Context: docs/v019-final-whole-product-review-evidence/existing-regression-artifacts/notifications-VIEWER-notifications-at-390/error-context.md

    attachment #2: trace (application/zip) ─────────────────────────────────────────────────────────
    docs/v019-final-whole-product-review-evidence/existing-regression-artifacts/notifications-VIEWER-notifications-at-390/trace.zip
    Usage:

        npx playwright show-trace docs/v019-final-whole-product-review-evidence/existing-regression-artifacts/notifications-VIEWER-notifications-at-390/trace.zip

    ────────────────────────────────────────────────────────────────────────────────────────────────


(node:18459) Warning: The 'NO_COLOR' env is ignored due to the 'FORCE_COLOR' env being set.
(Use `node --trace-warnings ...` to show where the warning was created)


[154/290] tests/operational-table.spec.ts:3:1 › real identity controls, nested event counts, pointer opening and header sort semantics
  55) tests/operational-table.spec.ts:3:1 › real identity controls, nested event counts, pointer opening and header sort semantics 

    Error: page.evaluate: TypeError: Failed to fetch dynamically imported module: http://127.0.0.1:4174/Genesys-aqm/node_modules/.vite/deps/react.js

      4 |  await page.route('**/*',r=>new URL(r.request().url()).origin===new URL(app).origin?r.continue():r.abort())
      5 |  await page.goto(app)
    > 6 |  await page.evaluate(async()=>{
        |             ^
      7 |   const reactModule=await import('/Genesys-aqm/node_modules/.vite/deps/react.js' as string),rootModule=await import('/Genesys-aqm/node_modules/.vite/deps/react-dom_client.js' as string),{OperationalTable}=await import('/Genesys-aqm/src/OperationalTable.tsx' as string)
      8 |   const React=reactModule.default??reactModule,createRoot=rootModule.createRoot??rootModule.default.createRoot
      9 |   const el=React.createElement,host=document.createElement('div');document.body.replaceChildren(host)
        at /Users/simonridd/.codex/worktrees/aqm-v019-final-whole-product-review/Genesys-aqm/tests/operational-table.spec.ts:6:13

    Error Context: docs/v019-final-whole-product-review-evidence/existing-regression-artifacts/operational-table-real-ide-f5bab-g-and-header-sort-semantics/error-context.md

    attachment #2: trace (application/zip) ─────────────────────────────────────────────────────────
    docs/v019-final-whole-product-review-evidence/existing-regression-artifacts/operational-table-real-ide-f5bab-g-and-header-sort-semantics/trace.zip
    Usage:

        npx playwright show-trace docs/v019-final-whole-product-review-evidence/existing-regression-artifacts/operational-table-real-ide-f5bab-g-and-header-sort-semantics/trace.zip

    ────────────────────────────────────────────────────────────────────────────────────────────────


(node:18483) Warning: The 'NO_COLOR' env is ignored due to the 'FORCE_COLOR' env being set.
(Use `node --trace-warnings ...` to show where the warning was created)


[155/290] tests/operations.spec.ts:4:3 › operational collections and form lifecycle at 1440
  56) tests/operations.spec.ts:4:3 › operational collections and form lifecycle at 1440 ────────────

    Test timeout of 30000ms exceeded.

    Error: locator.click: Test ended.
    Call log:
      - waiting for getByRole('navigation', { name: 'Primary navigation' }).getByRole('button', { name: 'Conversations', exact: true })


       6 |     await installOwnerGovernanceFixture(page);await page.goto('http://127.0.0.1:4174/Genesys-aqm/')
       7 |     const nav=page.getByRole('navigation',{name:'Primary navigation'})
    >  8 |     await nav.getByRole('button',{name:'Conversations',exact:true}).click()
         |                                                                     ^
       9 |     await expect(page.getByRole('heading',{name:'Conversations',exact:true})).toBeVisible()
      10 |     await expect(page.getByRole('table')).toBeVisible()
      11 |     await expect(page.getByRole('columnheader',{name:/Conversation ID/})).toBeVisible()
        at /Users/simonridd/.codex/worktrees/aqm-v019-final-whole-product-review/Genesys-aqm/tests/operations.spec.ts:8:69

    Error Context: docs/v019-final-whole-product-review-evidence/existing-regression-artifacts/operations-operational-col-0c6a6--and-form-lifecycle-at-1440/error-context.md

    attachment #2: trace (application/zip) ─────────────────────────────────────────────────────────
    docs/v019-final-whole-product-review-evidence/existing-regression-artifacts/operations-operational-col-0c6a6--and-form-lifecycle-at-1440/trace.zip
    Usage:

        npx playwright show-trace docs/v019-final-whole-product-review-evidence/existing-regression-artifacts/operations-operational-col-0c6a6--and-form-lifecycle-at-1440/trace.zip

    ────────────────────────────────────────────────────────────────────────────────────────────────


(node:18676) Warning: The 'NO_COLOR' env is ignored due to the 'FORCE_COLOR' env being set.
(Use `node --trace-warnings ...` to show where the warning was created)


[156/290] tests/operations.spec.ts:4:3 › operational collections and form lifecycle at 1920
  57) tests/operations.spec.ts:4:3 › operational collections and form lifecycle at 1920 ────────────

    Test timeout of 30000ms exceeded.

    Error: locator.click: Test ended.
    Call log:
      - waiting for getByRole('navigation', { name: 'Primary navigation' }).getByRole('button', { name: 'Conversations', exact: true })


       6 |     await installOwnerGovernanceFixture(page);await page.goto('http://127.0.0.1:4174/Genesys-aqm/')
       7 |     const nav=page.getByRole('navigation',{name:'Primary navigation'})
    >  8 |     await nav.getByRole('button',{name:'Conversations',exact:true}).click()
         |                                                                     ^
       9 |     await expect(page.getByRole('heading',{name:'Conversations',exact:true})).toBeVisible()
      10 |     await expect(page.getByRole('table')).toBeVisible()
      11 |     await expect(page.getByRole('columnheader',{name:/Conversation ID/})).toBeVisible()
        at /Users/simonridd/.codex/worktrees/aqm-v019-final-whole-product-review/Genesys-aqm/tests/operations.spec.ts:8:69

    Error Context: docs/v019-final-whole-product-review-evidence/existing-regression-artifacts/operations-operational-col-bc15f--and-form-lifecycle-at-1920/error-context.md

    attachment #2: trace (application/zip) ─────────────────────────────────────────────────────────
    docs/v019-final-whole-product-review-evidence/existing-regression-artifacts/operations-operational-col-bc15f--and-form-lifecycle-at-1920/trace.zip
    Usage:

        npx playwright show-trace docs/v019-final-whole-product-review-evidence/existing-regression-artifacts/operations-operational-col-bc15f--and-form-lifecycle-at-1920/trace.zip

    ────────────────────────────────────────────────────────────────────────────────────────────────


(node:18742) Warning: The 'NO_COLOR' env is ignored due to the 'FORCE_COLOR' env being set.
(Use `node --trace-warnings ...` to show where the warning was created)


[157/290] tests/operations.spec.ts:4:3 › operational collections and form lifecycle at 390
  58) tests/operations.spec.ts:4:3 › operational collections and form lifecycle at 390 ─────────────

    Test timeout of 30000ms exceeded.

    Error: locator.click: Test ended.
    Call log:
      - waiting for getByRole('navigation', { name: 'Primary navigation' }).getByRole('button', { name: 'Conversations', exact: true })


       6 |     await installOwnerGovernanceFixture(page);await page.goto('http://127.0.0.1:4174/Genesys-aqm/')
       7 |     const nav=page.getByRole('navigation',{name:'Primary navigation'})
    >  8 |     await nav.getByRole('button',{name:'Conversations',exact:true}).click()
         |                                                                     ^
       9 |     await expect(page.getByRole('heading',{name:'Conversations',exact:true})).toBeVisible()
      10 |     await expect(page.getByRole('table')).toBeVisible()
      11 |     await expect(page.getByRole('columnheader',{name:/Conversation ID/})).toBeVisible()
        at /Users/simonridd/.codex/worktrees/aqm-v019-final-whole-product-review/Genesys-aqm/tests/operations.spec.ts:8:69

    Error Context: docs/v019-final-whole-product-review-evidence/existing-regression-artifacts/operations-operational-collections-and-form-lifecycle-at-390/error-context.md

    attachment #2: trace (application/zip) ─────────────────────────────────────────────────────────
    docs/v019-final-whole-product-review-evidence/existing-regression-artifacts/operations-operational-collections-and-form-lifecycle-at-390/trace.zip
    Usage:

        npx playwright show-trace docs/v019-final-whole-product-review-evidence/existing-regression-artifacts/operations-operational-collections-and-form-lifecycle-at-390/trace.zip

    ────────────────────────────────────────────────────────────────────────────────────────────────


(node:18764) Warning: The 'NO_COLOR' env is ignored due to the 'FORCE_COLOR' env being set.
(Use `node --trace-warnings ...` to show where the warning was created)


[158/290] tests/overview.spec.ts:56:29 › Overview healthy, range, freshness, partial failure at 1440
[159/290] tests/overview.spec.ts:56:29 › Overview healthy, range, freshness, partial failure at 1920
[160/290] tests/overview.spec.ts:56:29 › Overview healthy, range, freshness, partial failure at 390
[161/290] tests/overview.spec.ts:71:96 › Overview ADMIN attention and drill-through at 1440
[162/290] tests/overview.spec.ts:71:96 › Overview AUTHOR attention and drill-through at 1440
[163/290] tests/overview.spec.ts:71:96 › Overview REVIEWER attention and drill-through at 1440
[164/290] tests/overview.spec.ts:71:96 › Overview VIEWER attention and drill-through at 1440
[165/290] tests/overview.spec.ts:71:96 › Overview ADMIN attention and drill-through at 1920
[166/290] tests/overview.spec.ts:71:96 › Overview AUTHOR attention and drill-through at 1920
[167/290] tests/overview.spec.ts:71:96 › Overview REVIEWER attention and drill-through at 1920
[168/290] tests/overview.spec.ts:71:96 › Overview VIEWER attention and drill-through at 1920
[169/290] tests/overview.spec.ts:71:96 › Overview ADMIN attention and drill-through at 390
[170/290] tests/overview.spec.ts:71:96 › Overview AUTHOR attention and drill-through at 390
[171/290] tests/overview.spec.ts:71:96 › Overview REVIEWER attention and drill-through at 390
[172/290] tests/overview.spec.ts:71:96 › Overview VIEWER attention and drill-through at 390
[173/290] tests/overview.spec.ts:90:1 › existing connected session defaults to Overview before App mounts
  59) tests/overview.spec.ts:90:1 › existing connected session defaults to Overview before App mounts 

    Error: expect(locator).toHaveText(expected) failed

    Locator: getByLabel('Current role')
    Expected: "ADMIN"
    Timeout: 5000ms
    Error: element(s) not found

    Call log:
      - Expect "toHaveText" getByLabel('Current role') with timeout 5000ms
      - waiting for getByLabel('Current role')


      51 |   return json({items:[]})
      52 |  })
    > 53 |  await page.goto(`${app}?code=fixture&state=${'A'.repeat(43)}`);await expect(page.getByLabel('Current role')).toHaveText(role)
         |                                                                                                               ^
      54 |  return {store,errors,requests,writes,setIncomplete:()=>{incomplete=true},setUnavailable:()=>{unavailable=true},identityCalls:()=>identityCalls}
      55 | }
      56 | for(const viewport of sizes)test(`Overview healthy, range, freshness, partial failure at ${viewport.width}`,async({browser})=>{
        at setup (/Users/simonridd/.codex/worktrees/aqm-v019-final-whole-product-review/Genesys-aqm/tests/overview.spec.ts:53:111)
        at /Users/simonridd/.codex/worktrees/aqm-v019-final-whole-product-review/Genesys-aqm/tests/overview.spec.ts:90:90

    Error Context: docs/v019-final-whole-product-review-evidence/existing-regression-artifacts/overview-existing-connecte-aed98--Overview-before-App-mounts/error-context.md

    attachment #2: trace (application/zip) ─────────────────────────────────────────────────────────
    docs/v019-final-whole-product-review-evidence/existing-regression-artifacts/overview-existing-connecte-aed98--Overview-before-App-mounts/trace.zip
    Usage:

        npx playwright show-trace docs/v019-final-whole-product-review-evidence/existing-regression-artifacts/overview-existing-connecte-aed98--Overview-before-App-mounts/trace.zip

    ────────────────────────────────────────────────────────────────────────────────────────────────


(node:18837) Warning: The 'NO_COLOR' env is ignored due to the 'FORCE_COLOR' env being set.
(Use `node --trace-warnings ...` to show where the warning was created)


[174/290] tests/overview.spec.ts:91:1 › OAuth return-page intent, evaluation deep link and explicit query page win
  60) tests/overview.spec.ts:91:1 › OAuth return-page intent, evaluation deep link and explicit query page win 

    Error: expect(locator).toBeVisible() failed

    Locator: getByRole('heading', { name: 'Conversation review', exact: true })
    Expected: visible
    Timeout: 5000ms
    Error: element(s) not found

    Call log:
      - Expect "toBeVisible" getByRole('heading', { name: 'Conversation review', exact: true }) with timeout 5000ms
      - waiting for getByRole('heading', { name: 'Conversation review', exact: true })


      91 | test('OAuth return-page intent, evaluation deep link and explicit query page win',async({browser})=>{
      92 |  for(const returned of ['settings','policies','evaluations']){const page=await browser.newPage();await setup(page,'ADMIN',false,returned);await expect(page.getByRole('heading',{name:returned[0].toUpperCase()+returned.slice(1),exact:true})).toBeVisible();await page.close()}
    > 93 |  const page=await browser.newPage();await page.route(`${origin}/**`,r=>r.fulfill({json:{items:[]}}));await page.goto(`${app}?evaluationId=linked&page=automation`);await expect(page.getByRole('heading',{name:'Evaluations',exact:true})).toBeVisible();await page.goto(`${app}?page=policies`);await expect(page.getByRole('heading',{name:'Policies',exact:true})).toBeVisible();await page.goto(app);await expect(page.getByRole('heading',{name:'Conversation review',exact:true})).toBeVisible();await page.goto(`${app}?page=automation`);await expect(page.getByText('Connect to Genesys Cloud to view operational AQM health.')).toBeVisible();await page.close()
         |                                                                                                                                                                                                                                                                                                                                                                                                                                                                                          ^
      94 | })
      95 |
        at /Users/simonridd/.codex/worktrees/aqm-v019-final-whole-product-review/Genesys-aqm/tests/overview.spec.ts:93:474

    Error Context: docs/v019-final-whole-product-review-evidence/existing-regression-artifacts/overview-OAuth-return-page-c5f3a-and-explicit-query-page-win/error-context.md

    attachment #2: trace (application/zip) ─────────────────────────────────────────────────────────
    docs/v019-final-whole-product-review-evidence/existing-regression-artifacts/overview-OAuth-return-page-c5f3a-and-explicit-query-page-win/trace.zip
    Usage:

        npx playwright show-trace docs/v019-final-whole-product-review-evidence/existing-regression-artifacts/overview-OAuth-return-page-c5f3a-and-explicit-query-page-win/trace.zip

    ────────────────────────────────────────────────────────────────────────────────────────────────


(node:18895) Warning: The 'NO_COLOR' env is ignored due to the 'FORCE_COLOR' env being set.
(Use `node --trace-warnings ...` to show where the warning was created)


[175/290] tests/policy-authoring.spec.ts:45:97 › durable policy authoring and schedules at 1440
[176/290] tests/policy-authoring.spec.ts:45:97 › durable policy authoring and schedules at 1920
[177/290] tests/policy-authoring.spec.ts:45:97 › durable policy authoring and schedules at 390
[178/290] tests/policy-authoring.spec.ts:81:50 › VIEWER can inspect policies and schedule but cannot mutate
  61) tests/policy-authoring.spec.ts:81:50 › VIEWER can inspect policies and schedule but cannot mutate 

    Error: expect(locator).toBeDisabled() failed

    Locator:  locator('.policy-detail').getByLabel('Policy name')
    Expected: disabled
    Received: enabled
    Timeout:  5000ms

    Call log:
      - Expect "toBeDisabled" locator('.policy-detail').getByLabel('Policy name') with timeout 5000ms
      - waiting for locator('.policy-detail').getByLabel('Policy name')
        14 × locator resolved to <input readonly value="Daily Voice fixture"/>
           - unexpected value "enabled"


      81 | for(const role of ['VIEWER','REVIEWER'] as const)test(`${role} can inspect policies and schedule but cannot mutate`,async({page})=>{
      82 |  const state=await fixture(page,role);await page.getByRole('button',{name:'Daily Voice fixture',exact:true}).click();const detail=page.locator('.policy-detail')
    > 83 |  await expect(detail.getByLabel('Policy name')).toBeDisabled();await expect(detail.getByLabel('Automation',{exact:true})).toBeDisabled();await expect(detail.getByRole('button',{name:'View runs'})).toBeEnabled();for(const name of ['Save changes','Duplicate policy','Save schedule','＋ New policy'])await expect(page.getByRole('button',{name,exact:true})).toHaveCount(0);expect(state.mutations).toBe(0)
         |                                                 ^
      84 | })
      85 | test('offline sandbox saves locally and never intermingles with connected records',async({page})=>{
      86 |  await page.goto(app);await page.getByRole('navigation',{name:'Primary navigation'}).getByRole('button',{name:'Policies',exact:true}).click();await expect(page.getByText(/Local\/demo policy sandbox · saved in this browser only/)).toBeVisible();await page.getByRole('button',{name:'＋ New policy'}).click();const detail=page.locator('.policy-detail');await detail.getByLabel('Policy name').fill('Offline only');await detail.getByLabel('Criteria value').fill('Complaint');await detail.getByRole('button',{name:'Save changes',exact:true}).click();await page.reload();await page.getByRole('navigation',{name:'Primary navigation'}).getByRole('button',{name:'Policies',exact:true}).click();await expect(page.getByRole('button',{name:'Offline only',exact:true})).toBeVisible()
        at /Users/simonridd/.codex/worktrees/aqm-v019-final-whole-product-review/Genesys-aqm/tests/policy-authoring.spec.ts:83:49

    Error Context: docs/v019-final-whole-product-review-evidence/existing-regression-artifacts/policy-authoring-VIEWER-ca-ba8d2--schedule-but-cannot-mutate/error-context.md

    attachment #2: trace (application/zip) ─────────────────────────────────────────────────────────
    docs/v019-final-whole-product-review-evidence/existing-regression-artifacts/policy-authoring-VIEWER-ca-ba8d2--schedule-but-cannot-mutate/trace.zip
    Usage:

        npx playwright show-trace docs/v019-final-whole-product-review-evidence/existing-regression-artifacts/policy-authoring-VIEWER-ca-ba8d2--schedule-but-cannot-mutate/trace.zip

    ────────────────────────────────────────────────────────────────────────────────────────────────


(node:18952) Warning: The 'NO_COLOR' env is ignored due to the 'FORCE_COLOR' env being set.
(Use `node --trace-warnings ...` to show where the warning was created)


[179/290] tests/policy-authoring.spec.ts:81:50 › REVIEWER can inspect policies and schedule but cannot mutate
  62) tests/policy-authoring.spec.ts:81:50 › REVIEWER can inspect policies and schedule but cannot mutate 

    Error: expect(locator).toBeDisabled() failed

    Locator:  locator('.policy-detail').getByLabel('Policy name')
    Expected: disabled
    Received: enabled
    Timeout:  5000ms

    Call log:
      - Expect "toBeDisabled" locator('.policy-detail').getByLabel('Policy name') with timeout 5000ms
      - waiting for locator('.policy-detail').getByLabel('Policy name')
        14 × locator resolved to <input readonly value="Daily Voice fixture"/>
           - unexpected value "enabled"


      81 | for(const role of ['VIEWER','REVIEWER'] as const)test(`${role} can inspect policies and schedule but cannot mutate`,async({page})=>{
      82 |  const state=await fixture(page,role);await page.getByRole('button',{name:'Daily Voice fixture',exact:true}).click();const detail=page.locator('.policy-detail')
    > 83 |  await expect(detail.getByLabel('Policy name')).toBeDisabled();await expect(detail.getByLabel('Automation',{exact:true})).toBeDisabled();await expect(detail.getByRole('button',{name:'View runs'})).toBeEnabled();for(const name of ['Save changes','Duplicate policy','Save schedule','＋ New policy'])await expect(page.getByRole('button',{name,exact:true})).toHaveCount(0);expect(state.mutations).toBe(0)
         |                                                 ^
      84 | })
      85 | test('offline sandbox saves locally and never intermingles with connected records',async({page})=>{
      86 |  await page.goto(app);await page.getByRole('navigation',{name:'Primary navigation'}).getByRole('button',{name:'Policies',exact:true}).click();await expect(page.getByText(/Local\/demo policy sandbox · saved in this browser only/)).toBeVisible();await page.getByRole('button',{name:'＋ New policy'}).click();const detail=page.locator('.policy-detail');await detail.getByLabel('Policy name').fill('Offline only');await detail.getByLabel('Criteria value').fill('Complaint');await detail.getByRole('button',{name:'Save changes',exact:true}).click();await page.reload();await page.getByRole('navigation',{name:'Primary navigation'}).getByRole('button',{name:'Policies',exact:true}).click();await expect(page.getByRole('button',{name:'Offline only',exact:true})).toBeVisible()
        at /Users/simonridd/.codex/worktrees/aqm-v019-final-whole-product-review/Genesys-aqm/tests/policy-authoring.spec.ts:83:49

    Error Context: docs/v019-final-whole-product-review-evidence/existing-regression-artifacts/policy-authoring-REVIEWER--7576b--schedule-but-cannot-mutate/error-context.md

    attachment #2: trace (application/zip) ─────────────────────────────────────────────────────────
    docs/v019-final-whole-product-review-evidence/existing-regression-artifacts/policy-authoring-REVIEWER--7576b--schedule-but-cannot-mutate/trace.zip
    Usage:

        npx playwright show-trace docs/v019-final-whole-product-review-evidence/existing-regression-artifacts/policy-authoring-REVIEWER--7576b--schedule-but-cannot-mutate/trace.zip

    ────────────────────────────────────────────────────────────────────────────────────────────────


(node:18988) Warning: The 'NO_COLOR' env is ignored due to the 'FORCE_COLOR' env being set.
(Use `node --trace-warnings ...` to show where the warning was created)


[180/290] tests/policy-authoring.spec.ts:85:1 › offline sandbox saves locally and never intermingles with connected records
  63) tests/policy-authoring.spec.ts:85:1 › offline sandbox saves locally and never intermingles with connected records 

    Test timeout of 30000ms exceeded.

    Error: locator.click: Test timeout of 30000ms exceeded.
    Call log:
      - waiting for getByRole('navigation', { name: 'Primary navigation' }).getByRole('button', { name: 'Policies', exact: true })


      84 | })
      85 | test('offline sandbox saves locally and never intermingles with connected records',async({page})=>{
    > 86 |  await page.goto(app);await page.getByRole('navigation',{name:'Primary navigation'}).getByRole('button',{name:'Policies',exact:true}).click();await expect(page.getByText(/Local\/demo policy sandbox · saved in this browser only/)).toBeVisible();await page.getByRole('button',{name:'＋ New policy'}).click();const detail=page.locator('.policy-detail');await detail.getByLabel('Policy name').fill('Offline only');await detail.getByLabel('Criteria value').fill('Complaint');await detail.getByRole('button',{name:'Save changes',exact:true}).click();await page.reload();await page.getByRole('navigation',{name:'Primary navigation'}).getByRole('button',{name:'Policies',exact:true}).click();await expect(page.getByRole('button',{name:'Offline only',exact:true})).toBeVisible()
         |                                                                                                                                       ^
      87 | })
      88 | test('connected load failure does not expose local definitions or production mutation controls',async({page})=>{
      89 |  await fixture(page);await page.route(`${origin}/api/policies**`,r=>r.fulfill({status:503,json:{error:'Durable library unavailable'}}));await page.getByRole('button',{name:'Refresh durable policies'}).click();await expect(page.getByRole('alert')).toContainText('Durable library unavailable');await expect(page.getByText('STALE LOCAL MUST NOT MERGE')).toHaveCount(0);await expect(page.getByRole('button',{name:'＋ New policy'})).toHaveCount(0);await expect(page.locator('.policy-detail')).toHaveCount(0)
        at /Users/simonridd/.codex/worktrees/aqm-v019-final-whole-product-review/Genesys-aqm/tests/policy-authoring.spec.ts:86:135

    Error Context: docs/v019-final-whole-product-review-evidence/existing-regression-artifacts/policy-authoring-offline-s-ec345-gles-with-connected-records/error-context.md

    attachment #2: trace (application/zip) ─────────────────────────────────────────────────────────
    docs/v019-final-whole-product-review-evidence/existing-regression-artifacts/policy-authoring-offline-s-ec345-gles-with-connected-records/trace.zip
    Usage:

        npx playwright show-trace docs/v019-final-whole-product-review-evidence/existing-regression-artifacts/policy-authoring-offline-s-ec345-gles-with-connected-records/trace.zip

    ────────────────────────────────────────────────────────────────────────────────────────────────


(node:19046) Warning: The 'NO_COLOR' env is ignored due to the 'FORCE_COLOR' env being set.
(Use `node --trace-warnings ...` to show where the warning was created)


[181/290] tests/policy-authoring.spec.ts:88:1 › connected load failure does not expose local definitions or production mutation controls
[182/290] tests/quality-actionability.spec.ts:11:2 › quality-leader task and exact insights 1440
[183/290] tests/quality-actionability.spec.ts:29:2 › coverage interpretation, scope and consistency 1440
[184/290] tests/quality-actionability.spec.ts:11:2 › quality-leader task and exact insights 1920
[185/290] tests/quality-actionability.spec.ts:29:2 › coverage interpretation, scope and consistency 1920
[186/290] tests/quality-actionability.spec.ts:11:2 › quality-leader task and exact insights 390
[187/290] tests/quality-actionability.spec.ts:29:2 › coverage interpretation, scope and consistency 390
[188/290] tests/quality-actionability.spec.ts:37:1 › safe errors, retry, empty scope, unavailable names and sparse history
[189/290] tests/quality-actionability.spec.ts:40:1 › goal-only route from Overview uses visible quality evidence
[190/290] tests/quality-actionability.spec.ts:48:1 › Overview Analytics entry replaces stale quality filters
[191/290] tests/quality-actionability.spec.ts:52:97 › Tab-only quality, filters, table and return 1440
[192/290] tests/quality-actionability.spec.ts:52:97 › Tab-only quality, filters, table and return 1920
[193/290] tests/quality-actionability.spec.ts:52:97 › Tab-only quality, filters, table and return 390
[194/290] tests/review-operations.spec.ts:11:146 › ADMIN review operations at 1440
[195/290] tests/review-operations.spec.ts:11:146 › REVIEWER review operations at 1440
[196/290] tests/review-operations.spec.ts:11:146 › ADMIN review operations at 1920
[197/290] tests/review-operations.spec.ts:11:146 › REVIEWER review operations at 1920
[198/290] tests/review-operations.spec.ts:11:146 › ADMIN review operations at 390
[199/290] tests/review-operations.spec.ts:11:146 › REVIEWER review operations at 390
[200/290] tests/review-sla.spec.ts:13:97 › review SLA settings, queue, bulk due, alerts and completion at 1440
[201/290] tests/review-sla.spec.ts:13:97 › review SLA settings, queue, bulk due, alerts and completion at 1920
[202/290] tests/review-sla.spec.ts:13:97 › review SLA settings, queue, bulk due, alerts and completion at 390
[203/290] tests/reviewer-continuity.spec.ts:49:3 › reviewer safely inspects evidence and completes My Reviews at 1440
[204/290] tests/reviewer-continuity.spec.ts:49:3 › reviewer safely inspects evidence and completes My Reviews at 1920
[205/290] tests/reviewer-continuity.spec.ts:49:3 › reviewer safely inspects evidence and completes My Reviews at 390
[206/290] tests/reviewer-continuity.spec.ts:100:1 › exact My Reviews filter context survives evidence navigation
[207/290] tests/reviewer-continuity.spec.ts:108:1 › Analytics question investigation retains exact cohort, selected evaluation and return tab
[208/290] tests/reviewer-continuity.spec.ts:120:1 › save progress adopts returned revision and clears unload guard, then restores authoritative answers
[209/290] tests/reviewer-continuity.spec.ts:139:12 › completion reconciles All Evaluations without Refresh
[210/290] tests/reviewer-continuity.spec.ts:139:12 › completion reconciles active cohort without Refresh
[211/290] tests/reviewer-continuity.spec.ts:139:12 › completion reconciles review status without Refresh
[212/290] tests/reviewer-continuity.spec.ts:139:12 › completion reconciles due cohort without Refresh
[213/290] tests/reviewer-continuity.spec.ts:149:1 › revision conflict retains inputs, blocks submit and requires explicit discard
[214/290] tests/reviewer-continuity.spec.ts:167:1 › reassignment retains unsaved notes but removes editing and submission authority
[215/290] tests/reviewer-continuity.spec.ts:178:1 › 409 refresh retains draft without silently replacing its base
[216/290] tests/reviewer-continuity.spec.ts:188:1 › two drafts survive unrelated SPA pages; guard remains until both are resolved
[217/290] tests/reviewer-continuity.spec.ts:199:1 › later server page survives evidence return and completion background reload
[218/290] tests/reviewer-continuity.spec.ts:210:1 › keyboard-only evidence detour returns to review heading, then reviewer completes
[219/290] tests/reviewer-continuity.spec.ts:225:1 › unstarted review returns to selected evaluation heading
[220/290] tests/reviewer-continuity.spec.ts:232:1 › completion removes the row before a failed background list reload, preserving confirmation
[221/290] tests/reviewer-continuity.spec.ts:242:1 › failed completion retains all changes and explicit retry completes exactly once
[222/290] tests/reviewer-continuity.spec.ts:256:1 › reload starts a new session without unsubmitted answers or notes
[223/290] tests/reviewer-continuity.spec.ts:268:1 › About and workspace handoff retain human work and unload protection in this SPA
[224/290] tests/reviewer-continuity.spec.ts:279:1 › a pending completion reconciles the current filters rather than the scope at click time
[225/290] tests/reviewer-continuity.spec.ts:295:1 › completion in another session keeps unfinished answers separate from completed authority
[226/290] tests/reviewer-continuity.spec.ts:308:1 › a clean saved draft yields to newer completed authority after evidence inspection
[227/290] tests/reviewer-effectiveness.spec.ts:7:97 › V0.19 reviewer task recheck 1440
[228/290] tests/reviewer-effectiveness.spec.ts:7:97 › V0.19 reviewer task recheck 1920
[229/290] tests/reviewer-effectiveness.spec.ts:7:97 › V0.19 reviewer task recheck 390
[230/290] tests/role-navigation.spec.ts:17:96 › ADMIN role focus and reference capability 1440
[231/290] tests/role-navigation.spec.ts:17:96 › ADMIN role focus and reference capability 390
[232/290] tests/role-navigation.spec.ts:17:96 › AUTHOR role focus and reference capability 1440
[233/290] tests/role-navigation.spec.ts:17:96 › AUTHOR role focus and reference capability 390
[234/290] tests/role-navigation.spec.ts:17:96 › REVIEWER role focus and reference capability 1440
[235/290] tests/role-navigation.spec.ts:17:96 › REVIEWER role focus and reference capability 390
[236/290] tests/role-navigation.spec.ts:17:96 › VIEWER role focus and reference capability 1440
[237/290] tests/role-navigation.spec.ts:17:96 › VIEWER role focus and reference capability 390
[238/290] tests/role-navigation.spec.ts:35:25 › ADMIN shared routes deep-link; labels and access stay authoritative
[239/290] tests/role-navigation.spec.ts:35:25 › AUTHOR shared routes deep-link; labels and access stay authoritative
[240/290] tests/role-navigation.spec.ts:35:25 › REVIEWER shared routes deep-link; labels and access stay authoritative
[241/290] tests/role-navigation.spec.ts:35:25 › VIEWER shared routes deep-link; labels and access stay authoritative
[242/290] tests/role-navigation.spec.ts:41:1 › keyboard disclosures remember session choices, active page wins, product tour preserves them
[243/290] tests/role-navigation.spec.ts:53:121 › view keyboard, hidden controls and reachability 1440x900
[244/290] tests/role-navigation.spec.ts:53:121 › view keyboard, hidden controls and reachability 1920x1080
[245/290] tests/role-navigation.spec.ts:53:121 › view keyboard, hidden controls and reachability 390x844
[246/290] tests/role-navigation.spec.ts:53:121 › view keyboard, hidden controls and reachability 1440x720
[247/290] tests/role-navigation.spec.ts:65:1 › mobile Questions exact drill returns to same view and cohort; Coverage deep link
[248/290] tests/role-navigation.spec.ts:68:1 › browser sample Analytics has seven discoverable views and selected URL
[249/290] tests/role-navigation.spec.ts:71:1 › browser history restores page, active reference group and Analytics view
[250/290] tests/role-navigation.spec.ts:76:1 › review contextual evidence and default My Reviews remain coherent on mobile
[251/290] tests/role-navigation.spec.ts:80:1 › unresolved access stays neutral and read-only; role arrival preserves route
[252/290] tests/save-protection.spec.ts:78:2 › Groups save, replacement and leave protection at 1440
[253/290] tests/save-protection.spec.ts:101:2 › Governance exact global scope, discard, failures and guards at 1440
[254/290] tests/save-protection.spec.ts:126:2 › Form Test destructive confirmations preserve recovery at 1440
[255/290] tests/save-protection.spec.ts:78:2 › Groups save, replacement and leave protection at 1920
[256/290] tests/save-protection.spec.ts:101:2 › Governance exact global scope, discard, failures and guards at 1920
[257/290] tests/save-protection.spec.ts:126:2 › Form Test destructive confirmations preserve recovery at 1920
[258/290] tests/save-protection.spec.ts:78:2 › Groups save, replacement and leave protection at 390
[259/290] tests/save-protection.spec.ts:101:2 › Governance exact global scope, discard, failures and guards at 390
[260/290] tests/save-protection.spec.ts:126:2 › Form Test destructive confirmations preserve recovery at 390
[261/290] tests/save-protection.spec.ts:143:1 › offline group is explicitly saved in this browser, and import is clean
[262/290] tests/save-protection.spec.ts:153:1 › demo removal, broad local reset and local history clear have exact scope
[263/290] tests/showcase.spec.ts:20:3 › welcome and complete isolated story at 1440
[264/290] tests/showcase.spec.ts:20:3 › welcome and complete isolated story at 1920
[265/290] tests/showcase.spec.ts:20:3 › welcome and complete isolated story at 390
[266/290] tests/showcase.spec.ts:73:1 › keyboard, self-guided links, reduced motion, history, restart and refresh
[267/290] tests/showcase.spec.ts:101:3 › disconnected prototype handoff leads to sample conversations at 1440
[268/290] tests/showcase.spec.ts:101:3 › disconnected prototype handoff leads to sample conversations at 1920
[269/290] tests/showcase.spec.ts:101:3 › disconnected prototype handoff leads to sample conversations at 390
[270/290] tests/showcase.spec.ts:114:1 › demo entered with an established real-session-shaped OAuth fixture never touches protected services or storage
[271/290] tests/showcase.spec.ts:134:1 › failed lazy demo load stays closed instead of mounting live services
[272/290] tests/showcase.spec.ts:148:1 › explicit Open AQM tears down demo and retains the authenticated product path
[273/290] tests/showcase.spec.ts:160:1 › semantic theme contrast, focus and no obscured tour controls
[274/290] tests/usability.spec.ts:8:68 › evaluation mode default and permissions ADMIN
[275/290] tests/usability.spec.ts:8:68 › evaluation mode default and permissions REVIEWER
[276/290] tests/usability.spec.ts:8:68 › evaluation mode default and permissions AUTHOR
[277/290] tests/usability.spec.ts:8:68 › evaluation mode default and permissions VIEWER
[278/290] tests/usability.spec.ts:36:202 › reviewer respects explicit scope reviewQueue=active
[279/290] tests/usability.spec.ts:36:202 › reviewer respects explicit scope evaluationId=escalated
[280/290] tests/usability.spec.ts:36:202 › reviewer respects explicit scope cohort=analytics&form=general_service%4017&question=greeting&origin=analytics
[281/290] tests/usability.spec.ts:36:202 › reviewer respects explicit scope reviewStatus=REVIEW_REQUESTED&assignment=unassigned
[282/290] tests/usability.spec.ts:44:2 › keyboard details, reviewer actions and viewport bounds 1440
[283/290] tests/usability.spec.ts:60:2 › mobile heading actions and local form/group keyboard journeys 1440
[284/290] tests/usability.spec.ts:44:2 › keyboard details, reviewer actions and viewport bounds 1920
[285/290] tests/usability.spec.ts:60:2 › mobile heading actions and local form/group keyboard journeys 1920
[286/290] tests/usability.spec.ts:44:2 › keyboard details, reviewer actions and viewport bounds 390
[287/290] tests/usability.spec.ts:60:2 › mobile heading actions and local form/group keyboard journeys 390
[288/290] tests/usability.spec.ts:79:1 › keyboard run, alert, audit, policy and calibration drill
[289/290] tests/usability.spec.ts:92:1 › policy read-only reason is permission based
[290/290] tests/usability.spec.ts:99:1 › notification editor focus and cancel return to explicit controls
  63 failed
    tests/automation.spec.ts:4:3 › automation degrades safely without backend at 1440 ──────────────
    tests/automation.spec.ts:4:3 › automation degrades safely without backend at 1920 ──────────────
    tests/automation.spec.ts:4:3 › automation degrades safely without backend at 390 ───────────────
    tests/control-plane-cache.spec.ts:11:2 › provider-free navigation, IndexedDB cache and trusted evaluation at 1440 
    tests/control-plane-cache.spec.ts:11:2 › provider-free navigation, IndexedDB cache and trusted evaluation at 390 
    tests/definition-authority.spec.ts:60:2 › R05 exact review, saved/local libraries, routing and transitions 1440 
    tests/definition-authority.spec.ts:87:2 › shared saves, saved picker, dirty refresh and promotion 1440 
    tests/definition-authority.spec.ts:116:2 › saved endpoint failures and routing loading never show local matches 1440 
    tests/definition-authority.spec.ts:60:2 › R05 exact review, saved/local libraries, routing and transitions 1920 
    tests/definition-authority.spec.ts:87:2 › shared saves, saved picker, dirty refresh and promotion 1920 
    tests/definition-authority.spec.ts:116:2 › saved endpoint failures and routing loading never show local matches 1920 
    tests/definition-authority.spec.ts:60:2 › R05 exact review, saved/local libraries, routing and transitions 390 
    tests/definition-authority.spec.ts:87:2 › shared saves, saved picker, dirty refresh and promotion 390 
    tests/definition-authority.spec.ts:116:2 › saved endpoint failures and routing loading never show local matches 390 
    tests/definition-authority.spec.ts:127:1 › exact voice criteria, missing saved pin, two saved forms and persistent working copies 
    tests/digital-policy.spec.ts:5:97 › email and messaging policy channel plans at 1440 ───────────
    tests/digital-policy.spec.ts:5:97 › email and messaging policy channel plans at 1920 ───────────
    tests/digital-policy.spec.ts:5:97 › email and messaging policy channel plans at 390 ────────────
    tests/email.spec.ts:7:97 › email search, normalized relay, content cache and refresh at 1440 ───
    tests/email.spec.ts:7:97 › email search, normalized relay, content cache and refresh at 1920 ───
    tests/email.spec.ts:7:97 › email search, normalized relay, content cache and refresh at 390 ────
    tests/form-publication.spec.ts:11:3 › provider-free recreated form publication and authoritative reload at 1440 
    tests/form-publication.spec.ts:11:3 › provider-free recreated form publication and authoritative reload at 1920 
    tests/form-publication.spec.ts:11:3 › provider-free recreated form publication and authoritative reload at 390 
    tests/governance.spec.ts:7:164 › ADMIN governance at 1440 ──────────────────────────────────────
    tests/governance.spec.ts:7:164 › AUTHOR governance at 1440 ─────────────────────────────────────
    tests/governance.spec.ts:7:164 › REVIEWER governance at 1440 ───────────────────────────────────
    tests/governance.spec.ts:7:164 › VIEWER governance at 1440 ─────────────────────────────────────
    tests/governance.spec.ts:7:164 › ADMIN governance at 1920 ──────────────────────────────────────
    tests/governance.spec.ts:7:164 › AUTHOR governance at 1920 ─────────────────────────────────────
    tests/governance.spec.ts:7:164 › REVIEWER governance at 1920 ───────────────────────────────────
    tests/governance.spec.ts:7:164 › VIEWER governance at 1920 ─────────────────────────────────────
    tests/governance.spec.ts:7:164 › ADMIN governance at 390 ───────────────────────────────────────
    tests/governance.spec.ts:7:164 › AUTHOR governance at 390 ──────────────────────────────────────
    tests/governance.spec.ts:7:164 › REVIEWER governance at 390 ────────────────────────────────────
    tests/governance.spec.ts:7:164 › VIEWER governance at 390 ──────────────────────────────────────
    tests/group-scoring-alerts.spec.ts:14:97 › group authoring, review and alert lifecycle at 1440 ─
    tests/group-scoring-alerts.spec.ts:14:97 › group authoring, review and alert lifecycle at 1920 ─
    tests/group-scoring-alerts.spec.ts:14:97 › group authoring, review and alert lifecycle at 390 ──
    tests/messaging.spec.ts:7:97 › messaging search, normalized relay, content cache and refresh at 1440 
    tests/messaging.spec.ts:7:97 › messaging search, normalized relay, content cache and refresh at 1920 
    tests/messaging.spec.ts:7:97 › messaging search, normalized relay, content cache and refresh at 390 
    tests/notifications.spec.ts:6:164 › ADMIN notifications at 1440 ────────────────────────────────
    tests/notifications.spec.ts:6:164 › AUTHOR notifications at 1440 ───────────────────────────────
    tests/notifications.spec.ts:6:164 › REVIEWER notifications at 1440 ─────────────────────────────
    tests/notifications.spec.ts:6:164 › VIEWER notifications at 1440 ───────────────────────────────
    tests/notifications.spec.ts:6:164 › ADMIN notifications at 1920 ────────────────────────────────
    tests/notifications.spec.ts:6:164 › AUTHOR notifications at 1920 ───────────────────────────────
    tests/notifications.spec.ts:6:164 › REVIEWER notifications at 1920 ─────────────────────────────
    tests/notifications.spec.ts:6:164 › VIEWER notifications at 1920 ───────────────────────────────
    tests/notifications.spec.ts:6:164 › ADMIN notifications at 390 ─────────────────────────────────
    tests/notifications.spec.ts:6:164 › AUTHOR notifications at 390 ────────────────────────────────
    tests/notifications.spec.ts:6:164 › REVIEWER notifications at 390 ──────────────────────────────
    tests/notifications.spec.ts:6:164 › VIEWER notifications at 390 ────────────────────────────────
    tests/operational-table.spec.ts:3:1 › real identity controls, nested event counts, pointer opening and header sort semantics 
    tests/operations.spec.ts:4:3 › operational collections and form lifecycle at 1440 ──────────────
    tests/operations.spec.ts:4:3 › operational collections and form lifecycle at 1920 ──────────────
    tests/operations.spec.ts:4:3 › operational collections and form lifecycle at 390 ───────────────
    tests/overview.spec.ts:90:1 › existing connected session defaults to Overview before App mounts 
    tests/overview.spec.ts:91:1 › OAuth return-page intent, evaluation deep link and explicit query page win 
    tests/policy-authoring.spec.ts:81:50 › VIEWER can inspect policies and schedule but cannot mutate 
    tests/policy-authoring.spec.ts:81:50 › REVIEWER can inspect policies and schedule but cannot mutate 
    tests/policy-authoring.spec.ts:85:1 › offline sandbox saves locally and never intermingles with connected records 
  2 skipped
  225 passed (34.8m)
